R_000,Client_0000
R_000,Client_0001
R_000,Client_0002
R_000,Client_0003
R_000,Client_0004
R_000,Client_0005
R_000,Client_0006
R_000,Client_0007
R_000,Client_0008
R_000,Client_0009
R_001,Client_0010
R_001,Client_0011
R_001,Client_0012
R_001,Client_0013
R_001,Client_0014
R_001,Client_0015
R_001,Client_0016
R_001,Client_0017
R_001,Client_0018
R_001,Client_0019
R_002,Client_0020
R_002,Client_0021
R_002,Client_0022
R_002,Client_0023
R_002,Client_0024
R_002,Client_0025
R_002,Client_0026
R_002,Client_0027
R_002,Client_0028
R_002,Client_0029
R_002,Client_002A
R_002,Client_002B
R_002,Client_002C
R_003,Client_0030
R_003,Client_0031
R_003,Client_0032
R_003,Client_0033
R_003,Client_0034
R_003,Client_0035
R_003,Client_0036
R_003,Client_0037
R_003,Client_0038
R_004,Client_0040
R_004,Client_0041
R_004,Client_0042
R_004,Client_0043
R_004,Client_0044
R_004,Client_0045
R_004,Client_0046
R_004,Client_0047
R_004,Client_0048
R_004,Client_0049
R_004,Client_004A
R_005,Client_0050
R_005,Client_0051
R_005,Client_0052
R_005,Client_0053
R_005,Client_0054
R_005,Client_0055
R_005,Client_0056
R_005,Client_0057
R_006,Client_0060
R_006,Client_0061
R_006,Client_0062
R_006,Client_0063
R_006,Client_0064
R_006,Client_0065
R_006,Client_0066
R_006,Client_0067
R_006,Client_0068
R_006,Client_0069
R_007,Client_0070
R_007,Client_0071
R_007,Client_0072
R_007,Client_0073
R_007,Client_0074
R_007,Client_0075
R_007,Client_0076
R_007,Client_0077
R_007,Client_0078
R_007,Client_0079
R_007,Client_007A
R_008,Client_0080
R_008,Client_0081
R_008,Client_0082
R_008,Client_0083
R_008,Client_0084
R_008,Client_0085
R_008,Client_0086
R_008,Client_0087
R_008,Client_0088
R_008,Client_0089
R_008,Client_008A
R_008,Client_008B
R_008,Client_008C
R_008,Client_008D
R_008,Client_008E
R_008,Client_008F
R_009,Client_0090
R_009,Client_0091
R_009,Client_0092
R_009,Client_0093
R_009,Client_0094
R_009,Client_0095
R_009,Client_0096
R_009,Client_0097
R_009,Client_0098
R_009,Client_0099
R_00A,Client_00A0
R_00A,Client_00A1
R_00A,Client_00A2
R_00A,Client_00A3
R_00A,Client_00A4
R_00A,Client_00A5
R_00A,Client_00A6
R_00A,Client_00A7
R_00A,Client_00A8
R_00A,Client_00A9
R_00A,Client_00AA
R_00A,Client_00AB
R_00A,Client_00AC
R_00A,Client_00AD
R_00B,Client_00B0
R_00B,Client_00B1
R_00B,Client_00B2
R_00B,Client_00B3
R_00B,Client_00B4
R_00B,Client_00B5
R_00B,Client_00B6
R_00B,Client_00B7
R_00B,Client_00B8
R_00B,Client_00B9
R_00B,Client_00BA
R_00C,Client_00C0
R_00C,Client_00C1
R_00C,Client_00C2
R_00C,Client_00C3
R_00C,Client_00C4
R_00C,Client_00C5
R_00C,Client_00C6
R_00C,Client_00C7
R_00C,Client_00C8
R_00C,Client_00C9
R_00C,Client_00CA
R_00C,Client_00CB
R_00D,Client_00D0
R_00D,Client_00D1
R_00D,Client_00D2
R_00D,Client_00D3
R_00D,Client_00D4
R_00D,Client_00D5
R_00D,Client_00D6
R_00D,Client_00D7
R_00D,Client_00D8
R_00D,Client_00D9
R_00E,Client_00E0
R_00E,Client_00E1
R_00E,Client_00E2
R_00E,Client_00E3
R_00E,Client_00E4
R_00E,Client_00E5
R_00E,Client_00E6
R_00E,Client_00E7
R_00E,Client_00E8
R_00E,Client_00E9
R_00E,Client_00EA
R_00E,Client_00EB
R_00F,Client_00F0
R_00F,Client_00F1
R_00F,Client_00F2
R_00F,Client_00F3
R_00F,Client_00F4
R_00F,Client_00F5
R_00F,Client_00F6
R_00F,Client_00F7
R_00F,Client_00F8
R_00F,Client_00F9
R_00F,Client_00FA
R_00F,Client_00FB
R_00F,Client_00FC
SRouter_00,Server_00
R_010,Client_0100
R_010,Client_0101
R_010,Client_0102
R_010,Client_0103
R_010,Client_0104
R_010,Client_0105
R_010,Client_0106
R_010,Client_0107
R_010,Client_0108
R_010,Client_0109
R_010,Client_010A
R_010,Client_010B
R_010,Client_010C
R_010,Client_010D
R_010,Client_010E
R_011,Client_0110
R_011,Client_0111
R_011,Client_0112
R_011,Client_0113
R_011,Client_0114
R_011,Client_0115
R_011,Client_0116
R_011,Client_0117
R_011,Client_0118
R_011,Client_0119
R_011,Client_011A
R_011,Client_011B
R_011,Client_011C
R_011,Client_011D
R_012,Client_0120
R_012,Client_0121
R_012,Client_0122
R_012,Client_0123
R_012,Client_0124
R_013,Client_0130
R_013,Client_0131
R_013,Client_0132
R_013,Client_0133
R_014,Client_0140
R_014,Client_0141
R_014,Client_0142
R_014,Client_0143
R_015,Client_0150
R_015,Client_0151
R_015,Client_0152
R_015,Client_0153
R_015,Client_0154
R_015,Client_0155
R_015,Client_0156
R_015,Client_0157
R_015,Client_0158
R_016,Client_0160
R_016,Client_0161
R_016,Client_0162
R_016,Client_0163
R_017,Client_0170
R_017,Client_0171
R_017,Client_0172
R_017,Client_0173
R_017,Client_0174
R_017,Client_0175
R_017,Client_0176
R_017,Client_0177
R_017,Client_0178
R_017,Client_0179
R_017,Client_017A
R_017,Client_017B
R_017,Client_017C
R_017,Client_017D
SRouter_01,Server_01
R_020,Client_0200
R_020,Client_0201
R_020,Client_0202
R_020,Client_0203
R_021,Client_0210
R_021,Client_0211
R_021,Client_0212
R_021,Client_0213
R_021,Client_0214
R_021,Client_0215
R_021,Client_0216
R_021,Client_0217
R_021,Client_0218
R_021,Client_0219
R_021,Client_021A
R_021,Client_021B
R_021,Client_021C
R_022,Client_0220
R_022,Client_0221
R_022,Client_0222
R_022,Client_0223
R_022,Client_0224
R_022,Client_0225
R_022,Client_0226
R_022,Client_0227
R_022,Client_0228
R_022,Client_0229
R_022,Client_022A
R_023,Client_0230
R_023,Client_0231
R_023,Client_0232
R_023,Client_0233
R_023,Client_0234
R_023,Client_0235
R_023,Client_0236
R_023,Client_0237
R_023,Client_0238
R_023,Client_0239
R_023,Client_023A
R_024,Client_0240
R_024,Client_0241
R_024,Client_0242
R_024,Client_0243
R_025,Client_0250
R_025,Client_0251
R_025,Client_0252
R_025,Client_0253
R_025,Client_0254
R_025,Client_0255
R_025,Client_0256
R_025,Client_0257
R_025,Client_0258
R_025,Client_0259
R_025,Client_025A
R_025,Client_025B
R_026,Client_0260
R_026,Client_0261
R_026,Client_0262
R_026,Client_0263
R_026,Client_0264
R_026,Client_0265
R_026,Client_0266
R_026,Client_0267
R_026,Client_0268
R_026,Client_0269
R_026,Client_026A
R_026,Client_026B
R_026,Client_026C
R_027,Client_0270
R_027,Client_0271
R_027,Client_0272
R_027,Client_0273
R_027,Client_0274
R_027,Client_0275
R_027,Client_0276
R_028,Client_0280
R_028,Client_0281
R_028,Client_0282
R_028,Client_0283
R_028,Client_0284
R_028,Client_0285
R_028,Client_0286
R_028,Client_0287
R_028,Client_0288
R_029,Client_0290
R_029,Client_0291
R_029,Client_0292
R_029,Client_0293
R_029,Client_0294
R_029,Client_0295
R_029,Client_0296
R_029,Client_0297
R_029,Client_0298
R_029,Client_0299
R_029,Client_029A
R_02A,Client_02A0
R_02A,Client_02A1
R_02A,Client_02A2
R_02A,Client_02A3
R_02A,Client_02A4
R_02A,Client_02A5
R_02A,Client_02A6
R_02A,Client_02A7
R_02B,Client_02B0
R_02B,Client_02B1
R_02B,Client_02B2
R_02B,Client_02B3
R_02B,Client_02B4
R_02B,Client_02B5
R_02B,Client_02B6
R_02B,Client_02B7
R_02B,Client_02B8
R_02B,Client_02B9
R_02B,Client_02BA
R_02B,Client_02BB
R_02B,Client_02BC
R_02B,Client_02BD
R_02C,Client_02C0
R_02C,Client_02C1
R_02C,Client_02C2
R_02C,Client_02C3
R_02C,Client_02C4
R_02C,Client_02C5
R_02C,Client_02C6
R_02C,Client_02C7
R_02C,Client_02C8
R_02C,Client_02C9
R_02C,Client_02CA
R_02C,Client_02CB
R_02C,Client_02CC
SRouter_02,Server_02
R_030,Client_0300
R_030,Client_0301
R_030,Client_0302
R_030,Client_0303
R_030,Client_0304
R_030,Client_0305
R_030,Client_0306
R_030,Client_0307
R_030,Client_0308
R_030,Client_0309
R_030,Client_030A
R_030,Client_030B
R_031,Client_0310
R_031,Client_0311
R_031,Client_0312
R_031,Client_0313
R_031,Client_0314
R_031,Client_0315
R_031,Client_0316
R_031,Client_0317
R_031,Client_0318
R_031,Client_0319
R_031,Client_031A
R_031,Client_031B
R_031,Client_031C
R_032,Client_0320
R_032,Client_0321
R_032,Client_0322
R_032,Client_0323
R_032,Client_0324
R_032,Client_0325
R_032,Client_0326
R_032,Client_0327
R_032,Client_0328
R_032,Client_0329
R_032,Client_032A
R_032,Client_032B
R_032,Client_032C
R_033,Client_0330
R_033,Client_0331
R_033,Client_0332
R_033,Client_0333
R_033,Client_0334
R_033,Client_0335
R_033,Client_0336
R_033,Client_0337
R_034,Client_0340
R_034,Client_0341
R_034,Client_0342
R_034,Client_0343
R_034,Client_0344
R_034,Client_0345
R_034,Client_0346
R_034,Client_0347
R_034,Client_0348
R_034,Client_0349
R_034,Client_034A
R_034,Client_034B
R_034,Client_034C
R_034,Client_034D
R_034,Client_034E
R_034,Client_034F
R_035,Client_0350
R_035,Client_0351
R_035,Client_0352
R_035,Client_0353
R_036,Client_0360
R_036,Client_0361
R_036,Client_0362
R_036,Client_0363
R_036,Client_0364
R_036,Client_0365
R_037,Client_0370
R_037,Client_0371
R_037,Client_0372
R_037,Client_0373
R_037,Client_0374
R_037,Client_0375
R_037,Client_0376
R_038,Client_0380
R_038,Client_0381
R_038,Client_0382
R_038,Client_0383
R_038,Client_0384
R_038,Client_0385
R_038,Client_0386
R_038,Client_0387
R_038,Client_0388
R_038,Client_0389
R_038,Client_038A
R_038,Client_038B
R_038,Client_038C
R_038,Client_038D
R_039,Client_0390
R_039,Client_0391
R_039,Client_0392
R_039,Client_0393
R_039,Client_0394
R_039,Client_0395
R_039,Client_0396
R_039,Client_0397
R_039,Client_0398
R_039,Client_0399
R_039,Client_039A
R_039,Client_039B
R_03A,Client_03A0
R_03A,Client_03A1
R_03A,Client_03A2
R_03A,Client_03A3
R_03A,Client_03A4
R_03A,Client_03A5
R_03A,Client_03A6
R_03A,Client_03A7
R_03A,Client_03A8
R_03A,Client_03A9
R_03A,Client_03AA
R_03A,Client_03AB
R_03A,Client_03AC
R_03A,Client_03AD
R_03A,Client_03AE
R_03B,Client_03B0
R_03B,Client_03B1
R_03B,Client_03B2
R_03B,Client_03B3
R_03B,Client_03B4
R_03B,Client_03B5
R_03B,Client_03B6
R_03B,Client_03B7
R_03B,Client_03B8
R_03B,Client_03B9
R_03B,Client_03BA
R_03C,Client_03C0
R_03C,Client_03C1
R_03C,Client_03C2
R_03C,Client_03C3
R_03C,Client_03C4
R_03C,Client_03C5
R_03D,Client_03D0
R_03D,Client_03D1
R_03D,Client_03D2
R_03D,Client_03D3
R_03D,Client_03D4
R_03D,Client_03D5
R_03D,Client_03D6
R_03D,Client_03D7
R_03D,Client_03D8
R_03D,Client_03D9
R_03D,Client_03DA
R_03D,Client_03DB
R_03D,Client_03DC
R_03D,Client_03DD
R_03E,Client_03E0
R_03E,Client_03E1
R_03E,Client_03E2
R_03E,Client_03E3
SRouter_03,Server_03
R_040,Client_0400
R_040,Client_0401
R_040,Client_0402
R_040,Client_0403
R_040,Client_0404
R_040,Client_0405
R_041,Client_0410
R_041,Client_0411
R_041,Client_0412
R_041,Client_0413
R_041,Client_0414
R_041,Client_0415
R_041,Client_0416
R_041,Client_0417
R_041,Client_0418
R_041,Client_0419
R_041,Client_041A
R_042,Client_0420
R_042,Client_0421
R_042,Client_0422
R_042,Client_0423
R_043,Client_0430
R_043,Client_0431
R_043,Client_0432
R_043,Client_0433
R_043,Client_0434
R_043,Client_0435
R_043,Client_0436
R_043,Client_0437
R_043,Client_0438
R_043,Client_0439
R_043,Client_043A
R_043,Client_043B
R_044,Client_0440
R_044,Client_0441
R_044,Client_0442
R_044,Client_0443
R_044,Client_0444
R_044,Client_0445
R_044,Client_0446
R_044,Client_0447
R_044,Client_0448
R_044,Client_0449
R_044,Client_044A
R_044,Client_044B
R_044,Client_044C
R_045,Client_0450
R_045,Client_0451
R_045,Client_0452
R_045,Client_0453
R_045,Client_0454
R_045,Client_0455
R_045,Client_0456
R_045,Client_0457
R_045,Client_0458
R_045,Client_0459
R_046,Client_0460
R_046,Client_0461
R_046,Client_0462
R_046,Client_0463
R_046,Client_0464
R_046,Client_0465
R_046,Client_0466
R_046,Client_0467
R_046,Client_0468
R_046,Client_0469
R_047,Client_0470
R_047,Client_0471
R_047,Client_0472
R_047,Client_0473
R_048,Client_0480
R_048,Client_0481
R_048,Client_0482
R_048,Client_0483
R_048,Client_0484
R_048,Client_0485
R_048,Client_0486
R_048,Client_0487
R_048,Client_0488
R_048,Client_0489
R_048,Client_048A
R_048,Client_048B
R_048,Client_048C
R_048,Client_048D
R_049,Client_0490
R_049,Client_0491
R_049,Client_0492
R_049,Client_0493
R_049,Client_0494
R_049,Client_0495
R_049,Client_0496
R_049,Client_0497
R_049,Client_0498
R_049,Client_0499
R_04A,Client_04A0
R_04A,Client_04A1
R_04A,Client_04A2
R_04A,Client_04A3
R_04A,Client_04A4
R_04B,Client_04B0
R_04B,Client_04B1
R_04B,Client_04B2
R_04B,Client_04B3
R_04B,Client_04B4
R_04B,Client_04B5
R_04B,Client_04B6
R_04B,Client_04B7
R_04B,Client_04B8
R_04B,Client_04B9
R_04B,Client_04BA
R_04C,Client_04C0
R_04C,Client_04C1
R_04C,Client_04C2
R_04C,Client_04C3
R_04C,Client_04C4
R_04C,Client_04C5
R_04C,Client_04C6
R_04C,Client_04C7
R_04C,Client_04C8
R_04C,Client_04C9
R_04C,Client_04CA
R_04C,Client_04CB
R_04C,Client_04CC
R_04C,Client_04CD
R_04C,Client_04CE
R_04D,Client_04D0
R_04D,Client_04D1
R_04D,Client_04D2
R_04D,Client_04D3
R_04D,Client_04D4
R_04D,Client_04D5
R_04D,Client_04D6
R_04D,Client_04D7
R_04D,Client_04D8
R_04D,Client_04D9
R_04D,Client_04DA
R_04D,Client_04DB
R_04E,Client_04E0
R_04E,Client_04E1
R_04E,Client_04E2
R_04E,Client_04E3
R_04E,Client_04E4
R_04E,Client_04E5
R_04E,Client_04E6
R_04E,Client_04E7
R_04E,Client_04E8
R_04E,Client_04E9
SRouter_04,Server_04
R_050,Client_0500
R_050,Client_0501
R_050,Client_0502
R_050,Client_0503
R_050,Client_0504
R_050,Client_0505
R_050,Client_0506
R_050,Client_0507
R_050,Client_0508
R_050,Client_0509
R_051,Client_0510
R_051,Client_0511
R_051,Client_0512
R_051,Client_0513
R_051,Client_0514
R_051,Client_0515
R_051,Client_0516
R_051,Client_0517
R_051,Client_0518
R_051,Client_0519
R_051,Client_051A
R_051,Client_051B
R_052,Client_0520
R_052,Client_0521
R_052,Client_0522
R_052,Client_0523
R_052,Client_0524
R_053,Client_0530
R_053,Client_0531
R_053,Client_0532
R_053,Client_0533
R_053,Client_0534
R_053,Client_0535
R_053,Client_0536
R_053,Client_0537
R_053,Client_0538
R_053,Client_0539
R_053,Client_053A
R_053,Client_053B
R_053,Client_053C
R_054,Client_0540
R_054,Client_0541
R_054,Client_0542
R_054,Client_0543
R_054,Client_0544
R_054,Client_0545
R_054,Client_0546
R_054,Client_0547
R_054,Client_0548
R_054,Client_0549
R_054,Client_054A
R_054,Client_054B
R_054,Client_054C
R_054,Client_054D
R_054,Client_054E
R_054,Client_054F
R_055,Client_0550
R_055,Client_0551
R_055,Client_0552
R_055,Client_0553
R_055,Client_0554
R_055,Client_0555
R_055,Client_0556
R_055,Client_0557
R_055,Client_0558
R_055,Client_0559
R_055,Client_055A
R_055,Client_055B
R_055,Client_055C
R_055,Client_055D
R_055,Client_055E
R_056,Client_0560
R_056,Client_0561
R_056,Client_0562
R_056,Client_0563
R_056,Client_0564
R_056,Client_0565
R_056,Client_0566
R_056,Client_0567
R_056,Client_0568
R_056,Client_0569
R_056,Client_056A
R_056,Client_056B
R_056,Client_056C
R_056,Client_056D
R_057,Client_0570
R_057,Client_0571
R_057,Client_0572
R_057,Client_0573
R_057,Client_0574
R_057,Client_0575
R_057,Client_0576
R_058,Client_0580
R_058,Client_0581
R_058,Client_0582
R_058,Client_0583
R_058,Client_0584
R_058,Client_0585
R_058,Client_0586
R_058,Client_0587
R_058,Client_0588
R_058,Client_0589
R_058,Client_058A
R_058,Client_058B
R_058,Client_058C
R_058,Client_058D
R_058,Client_058E
R_059,Client_0590
R_059,Client_0591
R_059,Client_0592
R_059,Client_0593
R_05A,Client_05A0
R_05A,Client_05A1
R_05A,Client_05A2
R_05A,Client_05A3
R_05A,Client_05A4
R_05A,Client_05A5
R_05A,Client_05A6
R_05A,Client_05A7
R_05A,Client_05A8
R_05A,Client_05A9
R_05A,Client_05AA
R_05A,Client_05AB
R_05B,Client_05B0
R_05B,Client_05B1
R_05B,Client_05B2
R_05B,Client_05B3
R_05C,Client_05C0
R_05C,Client_05C1
R_05C,Client_05C2
R_05C,Client_05C3
R_05D,Client_05D0
R_05D,Client_05D1
R_05D,Client_05D2
R_05D,Client_05D3
R_05D,Client_05D4
R_05D,Client_05D5
R_05D,Client_05D6
R_05D,Client_05D7
R_05D,Client_05D8
R_05D,Client_05D9
R_05D,Client_05DA
R_05D,Client_05DB
R_05D,Client_05DC
R_05D,Client_05DD
R_05D,Client_05DE
R_05E,Client_05E0
R_05E,Client_05E1
R_05E,Client_05E2
R_05E,Client_05E3
R_05E,Client_05E4
R_05E,Client_05E5
R_05E,Client_05E6
R_05E,Client_05E7
R_05E,Client_05E8
R_05F,Client_05F0
R_05F,Client_05F1
R_05F,Client_05F2
R_05F,Client_05F3
R_05F,Client_05F4
R_05F,Client_05F5
SRouter_05,Server_05
R_060,Client_0600
R_060,Client_0601
R_060,Client_0602
R_060,Client_0603
R_061,Client_0610
R_061,Client_0611
R_061,Client_0612
R_061,Client_0613
R_061,Client_0614
R_061,Client_0615
R_061,Client_0616
R_062,Client_0620
R_062,Client_0621
R_062,Client_0622
R_062,Client_0623
R_063,Client_0630
R_063,Client_0631
R_063,Client_0632
R_063,Client_0633
R_063,Client_0634
R_063,Client_0635
R_063,Client_0636
R_063,Client_0637
R_063,Client_0638
R_063,Client_0639
R_063,Client_063A
R_063,Client_063B
R_063,Client_063C
R_064,Client_0640
R_064,Client_0641
R_064,Client_0642
R_064,Client_0643
R_064,Client_0644
R_065,Client_0650
R_065,Client_0651
R_065,Client_0652
R_065,Client_0653
R_065,Client_0654
SRouter_06,Server_06
R_070,Client_0700
R_070,Client_0701
R_070,Client_0702
R_070,Client_0703
R_070,Client_0704
R_071,Client_0710
R_071,Client_0711
R_071,Client_0712
R_071,Client_0713
R_071,Client_0714
R_071,Client_0715
R_071,Client_0716
R_071,Client_0717
R_071,Client_0718
R_071,Client_0719
R_071,Client_071A
R_071,Client_071B
R_071,Client_071C
R_071,Client_071D
R_072,Client_0720
R_072,Client_0721
R_072,Client_0722
R_072,Client_0723
R_072,Client_0724
R_072,Client_0725
R_072,Client_0726
R_072,Client_0727
R_072,Client_0728
R_072,Client_0729
R_072,Client_072A
R_072,Client_072B
R_072,Client_072C
R_072,Client_072D
R_073,Client_0730
R_073,Client_0731
R_073,Client_0732
R_073,Client_0733
R_073,Client_0734
R_073,Client_0735
R_073,Client_0736
R_074,Client_0740
R_074,Client_0741
R_074,Client_0742
R_074,Client_0743
R_074,Client_0744
R_074,Client_0745
R_074,Client_0746
R_074,Client_0747
R_075,Client_0750
R_075,Client_0751
R_075,Client_0752
R_075,Client_0753
R_076,Client_0760
R_076,Client_0761
R_076,Client_0762
R_076,Client_0763
R_076,Client_0764
R_076,Client_0765
R_076,Client_0766
R_076,Client_0767
R_076,Client_0768
R_077,Client_0770
R_077,Client_0771
R_077,Client_0772
R_077,Client_0773
R_077,Client_0774
R_077,Client_0775
R_077,Client_0776
R_078,Client_0780
R_078,Client_0781
R_078,Client_0782
R_078,Client_0783
R_079,Client_0790
R_079,Client_0791
R_079,Client_0792
R_079,Client_0793
R_07A,Client_07A0
R_07A,Client_07A1
R_07A,Client_07A2
R_07A,Client_07A3
R_07A,Client_07A4
R_07A,Client_07A5
R_07A,Client_07A6
R_07A,Client_07A7
R_07A,Client_07A8
R_07A,Client_07A9
R_07A,Client_07AA
R_07A,Client_07AB
R_07A,Client_07AC
R_07A,Client_07AD
R_07A,Client_07AE
R_07B,Client_07B0
R_07B,Client_07B1
R_07B,Client_07B2
R_07B,Client_07B3
R_07B,Client_07B4
R_07B,Client_07B5
R_07B,Client_07B6
R_07B,Client_07B7
R_07B,Client_07B8
R_07C,Client_07C0
R_07C,Client_07C1
R_07C,Client_07C2
R_07C,Client_07C3
R_07C,Client_07C4
R_07C,Client_07C5
R_07C,Client_07C6
R_07C,Client_07C7
R_07C,Client_07C8
R_07C,Client_07C9
R_07D,Client_07D0
R_07D,Client_07D1
R_07D,Client_07D2
R_07D,Client_07D3
R_07D,Client_07D4
R_07D,Client_07D5
R_07D,Client_07D6
SRouter_07,Server_07
R_080,Client_0800
R_080,Client_0801
R_080,Client_0802
R_080,Client_0803
R_080,Client_0804
R_080,Client_0805
R_080,Client_0806
R_080,Client_0807
R_080,Client_0808
R_080,Client_0809
R_080,Client_080A
R_081,Client_0810
R_081,Client_0811
R_081,Client_0812
R_081,Client_0813
R_081,Client_0814
R_081,Client_0815
R_081,Client_0816
R_081,Client_0817
R_081,Client_0818
R_081,Client_0819
R_081,Client_081A
R_081,Client_081B
R_081,Client_081C
R_081,Client_081D
R_081,Client_081E
R_081,Client_081F
R_082,Client_0820
R_082,Client_0821
R_082,Client_0822
R_082,Client_0823
R_082,Client_0824
R_082,Client_0825
R_082,Client_0826
R_082,Client_0827
R_082,Client_0828
R_082,Client_0829
R_082,Client_082A
R_082,Client_082B
R_083,Client_0830
R_083,Client_0831
R_083,Client_0832
R_083,Client_0833
R_083,Client_0834
R_083,Client_0835
R_083,Client_0836
R_083,Client_0837
R_083,Client_0838
R_084,Client_0840
R_084,Client_0841
R_084,Client_0842
R_084,Client_0843
R_084,Client_0844
R_084,Client_0845
R_084,Client_0846
R_084,Client_0847
R_084,Client_0848
R_084,Client_0849
R_084,Client_084A
R_084,Client_084B
R_084,Client_084C
R_084,Client_084D
R_084,Client_084E
R_085,Client_0850
R_085,Client_0851
R_085,Client_0852
R_085,Client_0853
R_085,Client_0854
R_085,Client_0855
R_085,Client_0856
R_086,Client_0860
R_086,Client_0861
R_086,Client_0862
R_086,Client_0863
R_086,Client_0864
R_086,Client_0865
R_086,Client_0866
R_086,Client_0867
R_086,Client_0868
R_086,Client_0869
R_086,Client_086A
R_086,Client_086B
R_086,Client_086C
R_086,Client_086D
R_086,Client_086E
R_087,Client_0870
R_087,Client_0871
R_087,Client_0872
R_087,Client_0873
R_087,Client_0874
R_087,Client_0875
R_088,Client_0880
R_088,Client_0881
R_088,Client_0882
R_088,Client_0883
R_088,Client_0884
R_088,Client_0885
R_088,Client_0886
R_088,Client_0887
R_088,Client_0888
R_089,Client_0890
R_089,Client_0891
R_089,Client_0892
R_089,Client_0893
R_089,Client_0894
R_089,Client_0895
R_089,Client_0896
R_089,Client_0897
R_089,Client_0898
R_089,Client_0899
R_089,Client_089A
R_08A,Client_08A0
R_08A,Client_08A1
R_08A,Client_08A2
R_08A,Client_08A3
R_08A,Client_08A4
R_08B,Client_08B0
R_08B,Client_08B1
R_08B,Client_08B2
R_08B,Client_08B3
R_08B,Client_08B4
R_08B,Client_08B5
R_08B,Client_08B6
R_08B,Client_08B7
R_08B,Client_08B8
SRouter_08,Server_08
R_090,Client_0900
R_090,Client_0901
R_090,Client_0902
R_090,Client_0903
R_090,Client_0904
R_090,Client_0905
R_091,Client_0910
R_091,Client_0911
R_091,Client_0912
R_091,Client_0913
R_091,Client_0914
R_091,Client_0915
R_091,Client_0916
R_091,Client_0917
R_091,Client_0918
R_091,Client_0919
R_091,Client_091A
R_091,Client_091B
R_091,Client_091C
R_091,Client_091D
R_091,Client_091E
R_092,Client_0920
R_092,Client_0921
R_092,Client_0922
R_092,Client_0923
R_092,Client_0924
R_092,Client_0925
R_092,Client_0926
R_092,Client_0927
R_092,Client_0928
R_092,Client_0929
R_092,Client_092A
R_092,Client_092B
R_092,Client_092C
R_092,Client_092D
R_093,Client_0930
R_093,Client_0931
R_093,Client_0932
R_093,Client_0933
R_093,Client_0934
R_093,Client_0935
R_093,Client_0936
R_094,Client_0940
R_094,Client_0941
R_094,Client_0942
R_094,Client_0943
R_094,Client_0944
R_094,Client_0945
R_094,Client_0946
R_094,Client_0947
R_094,Client_0948
R_094,Client_0949
R_094,Client_094A
R_094,Client_094B
R_094,Client_094C
R_095,Client_0950
R_095,Client_0951
R_095,Client_0952
R_095,Client_0953
R_095,Client_0954
R_095,Client_0955
R_095,Client_0956
R_095,Client_0957
R_095,Client_0958
R_095,Client_0959
R_095,Client_095A
R_095,Client_095B
R_095,Client_095C
R_095,Client_095D
R_095,Client_095E
R_096,Client_0960
R_096,Client_0961
R_096,Client_0962
R_096,Client_0963
R_096,Client_0964
R_096,Client_0965
R_096,Client_0966
R_096,Client_0967
R_096,Client_0968
R_096,Client_0969
R_097,Client_0970
R_097,Client_0971
R_097,Client_0972
R_097,Client_0973
R_097,Client_0974
R_097,Client_0975
R_097,Client_0976
R_097,Client_0977
R_098,Client_0980
R_098,Client_0981
R_098,Client_0982
R_098,Client_0983
R_098,Client_0984
R_098,Client_0985
R_098,Client_0986
R_098,Client_0987
R_098,Client_0988
R_098,Client_0989
R_098,Client_098A
R_098,Client_098B
R_098,Client_098C
R_098,Client_098D
R_098,Client_098E
R_098,Client_098F
R_099,Client_0990
R_099,Client_0991
R_099,Client_0992
R_099,Client_0993
R_099,Client_0994
R_099,Client_0995
R_09A,Client_09A0
R_09A,Client_09A1
R_09A,Client_09A2
R_09A,Client_09A3
R_09A,Client_09A4
R_09A,Client_09A5
R_09A,Client_09A6
R_09A,Client_09A7
R_09A,Client_09A8
R_09A,Client_09A9
R_09A,Client_09AA
R_09A,Client_09AB
R_09A,Client_09AC
R_09A,Client_09AD
R_09A,Client_09AE
R_09A,Client_09AF
R_09B,Client_09B0
R_09B,Client_09B1
R_09B,Client_09B2
R_09B,Client_09B3
R_09C,Client_09C0
R_09C,Client_09C1
R_09C,Client_09C2
R_09C,Client_09C3
R_09C,Client_09C4
R_09C,Client_09C5
R_09C,Client_09C6
R_09C,Client_09C7
R_09C,Client_09C8
R_09C,Client_09C9
R_09C,Client_09CA
R_09C,Client_09CB
R_09C,Client_09CC
R_09C,Client_09CD
R_09C,Client_09CE
SRouter_09,Server_09
R_0A0,Client_0A00
R_0A0,Client_0A01
R_0A0,Client_0A02
R_0A0,Client_0A03
R_0A0,Client_0A04
R_0A0,Client_0A05
R_0A0,Client_0A06
R_0A0,Client_0A07
R_0A0,Client_0A08
R_0A0,Client_0A09
R_0A0,Client_0A0A
R_0A1,Client_0A10
R_0A1,Client_0A11
R_0A1,Client_0A12
R_0A1,Client_0A13
R_0A1,Client_0A14
R_0A1,Client_0A15
R_0A1,Client_0A16
R_0A1,Client_0A17
R_0A1,Client_0A18
R_0A1,Client_0A19
R_0A1,Client_0A1A
R_0A1,Client_0A1B
R_0A2,Client_0A20
R_0A2,Client_0A21
R_0A2,Client_0A22
R_0A2,Client_0A23
R_0A2,Client_0A24
R_0A2,Client_0A25
R_0A2,Client_0A26
R_0A2,Client_0A27
R_0A2,Client_0A28
R_0A2,Client_0A29
R_0A2,Client_0A2A
R_0A2,Client_0A2B
R_0A2,Client_0A2C
R_0A2,Client_0A2D
R_0A2,Client_0A2E
R_0A3,Client_0A30
R_0A3,Client_0A31
R_0A3,Client_0A32
R_0A3,Client_0A33
R_0A3,Client_0A34
R_0A3,Client_0A35
R_0A3,Client_0A36
R_0A3,Client_0A37
R_0A3,Client_0A38
R_0A3,Client_0A39
R_0A3,Client_0A3A
R_0A3,Client_0A3B
R_0A4,Client_0A40
R_0A4,Client_0A41
R_0A4,Client_0A42
R_0A4,Client_0A43
R_0A4,Client_0A44
R_0A4,Client_0A45
R_0A5,Client_0A50
R_0A5,Client_0A51
R_0A5,Client_0A52
R_0A5,Client_0A53
R_0A5,Client_0A54
R_0A5,Client_0A55
R_0A5,Client_0A56
R_0A5,Client_0A57
R_0A5,Client_0A58
R_0A5,Client_0A59
R_0A6,Client_0A60
R_0A6,Client_0A61
R_0A6,Client_0A62
R_0A6,Client_0A63
R_0A6,Client_0A64
R_0A6,Client_0A65
R_0A6,Client_0A66
R_0A6,Client_0A67
R_0A7,Client_0A70
R_0A7,Client_0A71
R_0A7,Client_0A72
R_0A7,Client_0A73
R_0A7,Client_0A74
R_0A7,Client_0A75
R_0A7,Client_0A76
R_0A7,Client_0A77
R_0A7,Client_0A78
R_0A8,Client_0A80
R_0A8,Client_0A81
R_0A8,Client_0A82
R_0A8,Client_0A83
R_0A8,Client_0A84
R_0A8,Client_0A85
R_0A8,Client_0A86
R_0A8,Client_0A87
R_0A8,Client_0A88
R_0A8,Client_0A89
R_0A8,Client_0A8A
R_0A8,Client_0A8B
R_0A8,Client_0A8C
R_0A9,Client_0A90
R_0A9,Client_0A91
R_0A9,Client_0A92
R_0A9,Client_0A93
R_0AA,Client_0AA0
R_0AA,Client_0AA1
R_0AA,Client_0AA2
R_0AA,Client_0AA3
R_0AA,Client_0AA4
R_0AA,Client_0AA5
R_0AA,Client_0AA6
R_0AA,Client_0AA7
R_0AA,Client_0AA8
R_0AA,Client_0AA9
R_0AA,Client_0AAA
R_0AA,Client_0AAB
R_0AA,Client_0AAC
R_0AA,Client_0AAD
R_0AA,Client_0AAE
R_0AA,Client_0AAF
R_0AB,Client_0AB0
R_0AB,Client_0AB1
R_0AB,Client_0AB2
R_0AB,Client_0AB3
R_0AC,Client_0AC0
R_0AC,Client_0AC1
R_0AC,Client_0AC2
R_0AC,Client_0AC3
R_0AC,Client_0AC4
R_0AC,Client_0AC5
R_0AC,Client_0AC6
R_0AC,Client_0AC7
R_0AC,Client_0AC8
R_0AC,Client_0AC9
R_0AC,Client_0ACA
R_0AC,Client_0ACB
R_0AC,Client_0ACC
R_0AC,Client_0ACD
R_0AC,Client_0ACE
R_0AC,Client_0ACF
R_0AD,Client_0AD0
R_0AD,Client_0AD1
R_0AD,Client_0AD2
R_0AD,Client_0AD3
R_0AE,Client_0AE0
R_0AE,Client_0AE1
R_0AE,Client_0AE2
R_0AE,Client_0AE3
R_0AE,Client_0AE4
R_0AE,Client_0AE5
R_0AE,Client_0AE6
R_0AE,Client_0AE7
R_0AE,Client_0AE8
R_0AE,Client_0AE9
R_0AE,Client_0AEA
R_0AF,Client_0AF0
R_0AF,Client_0AF1
R_0AF,Client_0AF2
R_0AF,Client_0AF3
R_0AF,Client_0AF4
R_0AF,Client_0AF5
R_0AF,Client_0AF6
R_0AF,Client_0AF7
R_0AF,Client_0AF8
R_0AF,Client_0AF9
R_0AF,Client_0AFA
R_0AF,Client_0AFB
SRouter_0A,Server_0A
SRouter_0,Server_0
SRouter_00,R_00
R_000,R_00
R_001,R_00
R_002,R_00
R_003,R_00
R_004,R_00
R_005,R_00
R_006,R_00
R_007,R_00
R_008,R_00
R_009,R_00
R_00A,R_00
R_00B,R_00
R_00C,R_00
R_00D,R_00
R_00E,R_00
R_00F,R_00
SRouter_01,R_01
R_010,R_01
R_011,R_01
R_012,R_01
R_013,R_01
R_014,R_01
R_015,R_01
R_016,R_01
R_017,R_01
SRouter_02,R_02
R_020,R_02
R_021,R_02
R_022,R_02
R_023,R_02
R_024,R_02
R_025,R_02
R_026,R_02
R_027,R_02
R_028,R_02
R_029,R_02
R_02A,R_02
R_02B,R_02
R_02C,R_02
SRouter_03,R_03
R_030,R_03
R_031,R_03
R_032,R_03
R_033,R_03
R_034,R_03
R_035,R_03
R_036,R_03
R_037,R_03
R_038,R_03
R_039,R_03
R_03A,R_03
R_03B,R_03
R_03C,R_03
R_03D,R_03
R_03E,R_03
SRouter_04,R_04
R_040,R_04
R_041,R_04
R_042,R_04
R_043,R_04
R_044,R_04
R_045,R_04
R_046,R_04
R_047,R_04
R_048,R_04
R_049,R_04
R_04A,R_04
R_04B,R_04
R_04C,R_04
R_04D,R_04
R_04E,R_04
SRouter_05,R_05
R_050,R_05
R_051,R_05
R_052,R_05
R_053,R_05
R_054,R_05
R_055,R_05
R_056,R_05
R_057,R_05
R_058,R_05
R_059,R_05
R_05A,R_05
R_05B,R_05
R_05C,R_05
R_05D,R_05
R_05E,R_05
R_05F,R_05
SRouter_06,R_06
R_060,R_06
R_061,R_06
R_062,R_06
R_063,R_06
R_064,R_06
R_065,R_06
SRouter_07,R_07
R_070,R_07
R_071,R_07
R_072,R_07
R_073,R_07
R_074,R_07
R_075,R_07
R_076,R_07
R_077,R_07
R_078,R_07
R_079,R_07
R_07A,R_07
R_07B,R_07
R_07C,R_07
R_07D,R_07
SRouter_08,R_08
R_080,R_08
R_081,R_08
R_082,R_08
R_083,R_08
R_084,R_08
R_085,R_08
R_086,R_08
R_087,R_08
R_088,R_08
R_089,R_08
R_08A,R_08
R_08B,R_08
SRouter_09,R_09
R_090,R_09
R_091,R_09
R_092,R_09
R_093,R_09
R_094,R_09
R_095,R_09
R_096,R_09
R_097,R_09
R_098,R_09
R_099,R_09
R_09A,R_09
R_09B,R_09
R_09C,R_09
SRouter_0A,R_0A
R_0A0,R_0A
R_0A1,R_0A
R_0A2,R_0A
R_0A3,R_0A
R_0A4,R_0A
R_0A5,R_0A
R_0A6,R_0A
R_0A7,R_0A
R_0A8,R_0A
R_0A9,R_0A
R_0AA,R_0A
R_0AB,R_0A
R_0AC,R_0A
R_0AD,R_0A
R_0AE,R_0A
R_0AF,R_0A
SRouter_0,R_0
R_00,R_0
R_01,R_0
R_02,R_0
R_03,R_0
R_04,R_0
R_05,R_0
R_06,R_0
R_07,R_0
R_08,R_0
R_09,R_0
R_0A,R_0
