R_0000,Client_00000
R_0000,Client_00001
R_0000,Client_00002
R_0000,Client_00003
R_0000,Client_00004
R_0000,Client_00005
R_0000,Client_00006
R_0000,Client_00007
R_0001,Client_00010
R_0001,Client_00011
R_0001,Client_00012
R_0001,Client_00013
R_0001,Client_00014
R_0001,Client_00015
R_0001,Client_00016
R_0001,Client_00017
R_0002,Client_00020
R_0002,Client_00021
R_0002,Client_00022
R_0002,Client_00023
R_0002,Client_00024
R_0002,Client_00025
R_0002,Client_00026
R_0002,Client_00027
R_0003,Client_00030
R_0003,Client_00031
R_0003,Client_00032
R_0003,Client_00033
R_0003,Client_00034
R_0003,Client_00035
R_0003,Client_00036
R_0003,Client_00037
R_0004,Client_00040
R_0004,Client_00041
R_0004,Client_00042
R_0004,Client_00043
R_0004,Client_00044
R_0004,Client_00045
R_0004,Client_00046
R_0004,Client_00047
R_0005,Client_00050
R_0005,Client_00051
R_0005,Client_00052
R_0005,Client_00053
R_0005,Client_00054
R_0005,Client_00055
R_0005,Client_00056
R_0005,Client_00057
R_0006,Client_00060
R_0006,Client_00061
R_0006,Client_00062
R_0006,Client_00063
R_0006,Client_00064
R_0006,Client_00065
R_0006,Client_00066
R_0006,Client_00067
R_0007,Client_00070
R_0007,Client_00071
R_0007,Client_00072
R_0007,Client_00073
R_0007,Client_00074
R_0007,Client_00075
R_0007,Client_00076
R_0007,Client_00077
SRouter_000,Server_000
R_0010,Client_00100
R_0010,Client_00101
R_0010,Client_00102
R_0010,Client_00103
R_0010,Client_00104
R_0010,Client_00105
R_0010,Client_00106
R_0010,Client_00107
R_0011,Client_00110
R_0011,Client_00111
R_0011,Client_00112
R_0011,Client_00113
R_0011,Client_00114
R_0011,Client_00115
R_0011,Client_00116
R_0011,Client_00117
R_0012,Client_00120
R_0012,Client_00121
R_0012,Client_00122
R_0012,Client_00123
R_0012,Client_00124
R_0012,Client_00125
R_0012,Client_00126
R_0012,Client_00127
R_0013,Client_00130
R_0013,Client_00131
R_0013,Client_00132
R_0013,Client_00133
R_0013,Client_00134
R_0013,Client_00135
R_0013,Client_00136
R_0013,Client_00137
R_0014,Client_00140
R_0014,Client_00141
R_0014,Client_00142
R_0014,Client_00143
R_0014,Client_00144
R_0014,Client_00145
R_0014,Client_00146
R_0014,Client_00147
R_0015,Client_00150
R_0015,Client_00151
R_0015,Client_00152
R_0015,Client_00153
R_0015,Client_00154
R_0015,Client_00155
R_0015,Client_00156
R_0015,Client_00157
R_0016,Client_00160
R_0016,Client_00161
R_0016,Client_00162
R_0016,Client_00163
R_0016,Client_00164
R_0016,Client_00165
R_0016,Client_00166
R_0016,Client_00167
R_0017,Client_00170
R_0017,Client_00171
R_0017,Client_00172
R_0017,Client_00173
R_0017,Client_00174
R_0017,Client_00175
R_0017,Client_00176
R_0017,Client_00177
SRouter_001,Server_001
R_0020,Client_00200
R_0020,Client_00201
R_0020,Client_00202
R_0020,Client_00203
R_0020,Client_00204
R_0020,Client_00205
R_0020,Client_00206
R_0020,Client_00207
R_0021,Client_00210
R_0021,Client_00211
R_0021,Client_00212
R_0021,Client_00213
R_0021,Client_00214
R_0021,Client_00215
R_0021,Client_00216
R_0021,Client_00217
R_0022,Client_00220
R_0022,Client_00221
R_0022,Client_00222
R_0022,Client_00223
R_0022,Client_00224
R_0022,Client_00225
R_0022,Client_00226
R_0022,Client_00227
R_0023,Client_00230
R_0023,Client_00231
R_0023,Client_00232
R_0023,Client_00233
R_0023,Client_00234
R_0023,Client_00235
R_0023,Client_00236
R_0023,Client_00237
R_0024,Client_00240
R_0024,Client_00241
R_0024,Client_00242
R_0024,Client_00243
R_0024,Client_00244
R_0024,Client_00245
R_0024,Client_00246
R_0024,Client_00247
R_0025,Client_00250
R_0025,Client_00251
R_0025,Client_00252
R_0025,Client_00253
R_0025,Client_00254
R_0025,Client_00255
R_0025,Client_00256
R_0025,Client_00257
R_0026,Client_00260
R_0026,Client_00261
R_0026,Client_00262
R_0026,Client_00263
R_0026,Client_00264
R_0026,Client_00265
R_0026,Client_00266
R_0026,Client_00267
R_0027,Client_00270
R_0027,Client_00271
R_0027,Client_00272
R_0027,Client_00273
R_0027,Client_00274
R_0027,Client_00275
R_0027,Client_00276
R_0027,Client_00277
SRouter_002,Server_002
R_0030,Client_00300
R_0030,Client_00301
R_0030,Client_00302
R_0030,Client_00303
R_0030,Client_00304
R_0030,Client_00305
R_0030,Client_00306
R_0030,Client_00307
R_0031,Client_00310
R_0031,Client_00311
R_0031,Client_00312
R_0031,Client_00313
R_0031,Client_00314
R_0031,Client_00315
R_0031,Client_00316
R_0031,Client_00317
R_0032,Client_00320
R_0032,Client_00321
R_0032,Client_00322
R_0032,Client_00323
R_0032,Client_00324
R_0032,Client_00325
R_0032,Client_00326
R_0032,Client_00327
R_0033,Client_00330
R_0033,Client_00331
R_0033,Client_00332
R_0033,Client_00333
R_0033,Client_00334
R_0033,Client_00335
R_0033,Client_00336
R_0033,Client_00337
R_0034,Client_00340
R_0034,Client_00341
R_0034,Client_00342
R_0034,Client_00343
R_0034,Client_00344
R_0034,Client_00345
R_0034,Client_00346
R_0034,Client_00347
R_0035,Client_00350
R_0035,Client_00351
R_0035,Client_00352
R_0035,Client_00353
R_0035,Client_00354
R_0035,Client_00355
R_0035,Client_00356
R_0035,Client_00357
R_0036,Client_00360
R_0036,Client_00361
R_0036,Client_00362
R_0036,Client_00363
R_0036,Client_00364
R_0036,Client_00365
R_0036,Client_00366
R_0036,Client_00367
R_0037,Client_00370
R_0037,Client_00371
R_0037,Client_00372
R_0037,Client_00373
R_0037,Client_00374
R_0037,Client_00375
R_0037,Client_00376
R_0037,Client_00377
SRouter_003,Server_003
R_0040,Client_00400
R_0040,Client_00401
R_0040,Client_00402
R_0040,Client_00403
R_0040,Client_00404
R_0040,Client_00405
R_0040,Client_00406
R_0040,Client_00407
R_0041,Client_00410
R_0041,Client_00411
R_0041,Client_00412
R_0041,Client_00413
R_0041,Client_00414
R_0041,Client_00415
R_0041,Client_00416
R_0041,Client_00417
R_0042,Client_00420
R_0042,Client_00421
R_0042,Client_00422
R_0042,Client_00423
R_0042,Client_00424
R_0042,Client_00425
R_0042,Client_00426
R_0042,Client_00427
R_0043,Client_00430
R_0043,Client_00431
R_0043,Client_00432
R_0043,Client_00433
R_0043,Client_00434
R_0043,Client_00435
R_0043,Client_00436
R_0043,Client_00437
R_0044,Client_00440
R_0044,Client_00441
R_0044,Client_00442
R_0044,Client_00443
R_0044,Client_00444
R_0044,Client_00445
R_0044,Client_00446
R_0044,Client_00447
R_0045,Client_00450
R_0045,Client_00451
R_0045,Client_00452
R_0045,Client_00453
R_0045,Client_00454
R_0045,Client_00455
R_0045,Client_00456
R_0045,Client_00457
R_0046,Client_00460
R_0046,Client_00461
R_0046,Client_00462
R_0046,Client_00463
R_0046,Client_00464
R_0046,Client_00465
R_0046,Client_00466
R_0046,Client_00467
R_0047,Client_00470
R_0047,Client_00471
R_0047,Client_00472
R_0047,Client_00473
R_0047,Client_00474
R_0047,Client_00475
R_0047,Client_00476
R_0047,Client_00477
SRouter_004,Server_004
R_0050,Client_00500
R_0050,Client_00501
R_0050,Client_00502
R_0050,Client_00503
R_0050,Client_00504
R_0050,Client_00505
R_0050,Client_00506
R_0050,Client_00507
R_0051,Client_00510
R_0051,Client_00511
R_0051,Client_00512
R_0051,Client_00513
R_0051,Client_00514
R_0051,Client_00515
R_0051,Client_00516
R_0051,Client_00517
R_0052,Client_00520
R_0052,Client_00521
R_0052,Client_00522
R_0052,Client_00523
R_0052,Client_00524
R_0052,Client_00525
R_0052,Client_00526
R_0052,Client_00527
R_0053,Client_00530
R_0053,Client_00531
R_0053,Client_00532
R_0053,Client_00533
R_0053,Client_00534
R_0053,Client_00535
R_0053,Client_00536
R_0053,Client_00537
R_0054,Client_00540
R_0054,Client_00541
R_0054,Client_00542
R_0054,Client_00543
R_0054,Client_00544
R_0054,Client_00545
R_0054,Client_00546
R_0054,Client_00547
R_0055,Client_00550
R_0055,Client_00551
R_0055,Client_00552
R_0055,Client_00553
R_0055,Client_00554
R_0055,Client_00555
R_0055,Client_00556
R_0055,Client_00557
R_0056,Client_00560
R_0056,Client_00561
R_0056,Client_00562
R_0056,Client_00563
R_0056,Client_00564
R_0056,Client_00565
R_0056,Client_00566
R_0056,Client_00567
R_0057,Client_00570
R_0057,Client_00571
R_0057,Client_00572
R_0057,Client_00573
R_0057,Client_00574
R_0057,Client_00575
R_0057,Client_00576
R_0057,Client_00577
SRouter_005,Server_005
R_0060,Client_00600
R_0060,Client_00601
R_0060,Client_00602
R_0060,Client_00603
R_0060,Client_00604
R_0060,Client_00605
R_0060,Client_00606
R_0060,Client_00607
R_0061,Client_00610
R_0061,Client_00611
R_0061,Client_00612
R_0061,Client_00613
R_0061,Client_00614
R_0061,Client_00615
R_0061,Client_00616
R_0061,Client_00617
R_0062,Client_00620
R_0062,Client_00621
R_0062,Client_00622
R_0062,Client_00623
R_0062,Client_00624
R_0062,Client_00625
R_0062,Client_00626
R_0062,Client_00627
R_0063,Client_00630
R_0063,Client_00631
R_0063,Client_00632
R_0063,Client_00633
R_0063,Client_00634
R_0063,Client_00635
R_0063,Client_00636
R_0063,Client_00637
R_0064,Client_00640
R_0064,Client_00641
R_0064,Client_00642
R_0064,Client_00643
R_0064,Client_00644
R_0064,Client_00645
R_0064,Client_00646
R_0064,Client_00647
R_0065,Client_00650
R_0065,Client_00651
R_0065,Client_00652
R_0065,Client_00653
R_0065,Client_00654
R_0065,Client_00655
R_0065,Client_00656
R_0065,Client_00657
R_0066,Client_00660
R_0066,Client_00661
R_0066,Client_00662
R_0066,Client_00663
R_0066,Client_00664
R_0066,Client_00665
R_0066,Client_00666
R_0066,Client_00667
R_0067,Client_00670
R_0067,Client_00671
R_0067,Client_00672
R_0067,Client_00673
R_0067,Client_00674
R_0067,Client_00675
R_0067,Client_00676
R_0067,Client_00677
SRouter_006,Server_006
R_0070,Client_00700
R_0070,Client_00701
R_0070,Client_00702
R_0070,Client_00703
R_0070,Client_00704
R_0070,Client_00705
R_0070,Client_00706
R_0070,Client_00707
R_0071,Client_00710
R_0071,Client_00711
R_0071,Client_00712
R_0071,Client_00713
R_0071,Client_00714
R_0071,Client_00715
R_0071,Client_00716
R_0071,Client_00717
R_0072,Client_00720
R_0072,Client_00721
R_0072,Client_00722
R_0072,Client_00723
R_0072,Client_00724
R_0072,Client_00725
R_0072,Client_00726
R_0072,Client_00727
R_0073,Client_00730
R_0073,Client_00731
R_0073,Client_00732
R_0073,Client_00733
R_0073,Client_00734
R_0073,Client_00735
R_0073,Client_00736
R_0073,Client_00737
R_0074,Client_00740
R_0074,Client_00741
R_0074,Client_00742
R_0074,Client_00743
R_0074,Client_00744
R_0074,Client_00745
R_0074,Client_00746
R_0074,Client_00747
R_0075,Client_00750
R_0075,Client_00751
R_0075,Client_00752
R_0075,Client_00753
R_0075,Client_00754
R_0075,Client_00755
R_0075,Client_00756
R_0075,Client_00757
R_0076,Client_00760
R_0076,Client_00761
R_0076,Client_00762
R_0076,Client_00763
R_0076,Client_00764
R_0076,Client_00765
R_0076,Client_00766
R_0076,Client_00767
R_0077,Client_00770
R_0077,Client_00771
R_0077,Client_00772
R_0077,Client_00773
R_0077,Client_00774
R_0077,Client_00775
R_0077,Client_00776
R_0077,Client_00777
SRouter_007,Server_007
SRouter_00,Server_00
R_0100,Client_01000
R_0100,Client_01001
R_0100,Client_01002
R_0100,Client_01003
R_0100,Client_01004
R_0100,Client_01005
R_0100,Client_01006
R_0100,Client_01007
R_0101,Client_01010
R_0101,Client_01011
R_0101,Client_01012
R_0101,Client_01013
R_0101,Client_01014
R_0101,Client_01015
R_0101,Client_01016
R_0101,Client_01017
R_0102,Client_01020
R_0102,Client_01021
R_0102,Client_01022
R_0102,Client_01023
R_0102,Client_01024
R_0102,Client_01025
R_0102,Client_01026
R_0102,Client_01027
R_0103,Client_01030
R_0103,Client_01031
R_0103,Client_01032
R_0103,Client_01033
R_0103,Client_01034
R_0103,Client_01035
R_0103,Client_01036
R_0103,Client_01037
R_0104,Client_01040
R_0104,Client_01041
R_0104,Client_01042
R_0104,Client_01043
R_0104,Client_01044
R_0104,Client_01045
R_0104,Client_01046
R_0104,Client_01047
R_0105,Client_01050
R_0105,Client_01051
R_0105,Client_01052
R_0105,Client_01053
R_0105,Client_01054
R_0105,Client_01055
R_0105,Client_01056
R_0105,Client_01057
R_0106,Client_01060
R_0106,Client_01061
R_0106,Client_01062
R_0106,Client_01063
R_0106,Client_01064
R_0106,Client_01065
R_0106,Client_01066
R_0106,Client_01067
R_0107,Client_01070
R_0107,Client_01071
R_0107,Client_01072
R_0107,Client_01073
R_0107,Client_01074
R_0107,Client_01075
R_0107,Client_01076
R_0107,Client_01077
SRouter_010,Server_010
R_0110,Client_01100
R_0110,Client_01101
R_0110,Client_01102
R_0110,Client_01103
R_0110,Client_01104
R_0110,Client_01105
R_0110,Client_01106
R_0110,Client_01107
R_0111,Client_01110
R_0111,Client_01111
R_0111,Client_01112
R_0111,Client_01113
R_0111,Client_01114
R_0111,Client_01115
R_0111,Client_01116
R_0111,Client_01117
R_0112,Client_01120
R_0112,Client_01121
R_0112,Client_01122
R_0112,Client_01123
R_0112,Client_01124
R_0112,Client_01125
R_0112,Client_01126
R_0112,Client_01127
R_0113,Client_01130
R_0113,Client_01131
R_0113,Client_01132
R_0113,Client_01133
R_0113,Client_01134
R_0113,Client_01135
R_0113,Client_01136
R_0113,Client_01137
R_0114,Client_01140
R_0114,Client_01141
R_0114,Client_01142
R_0114,Client_01143
R_0114,Client_01144
R_0114,Client_01145
R_0114,Client_01146
R_0114,Client_01147
R_0115,Client_01150
R_0115,Client_01151
R_0115,Client_01152
R_0115,Client_01153
R_0115,Client_01154
R_0115,Client_01155
R_0115,Client_01156
R_0115,Client_01157
R_0116,Client_01160
R_0116,Client_01161
R_0116,Client_01162
R_0116,Client_01163
R_0116,Client_01164
R_0116,Client_01165
R_0116,Client_01166
R_0116,Client_01167
R_0117,Client_01170
R_0117,Client_01171
R_0117,Client_01172
R_0117,Client_01173
R_0117,Client_01174
R_0117,Client_01175
R_0117,Client_01176
R_0117,Client_01177
SRouter_011,Server_011
R_0120,Client_01200
R_0120,Client_01201
R_0120,Client_01202
R_0120,Client_01203
R_0120,Client_01204
R_0120,Client_01205
R_0120,Client_01206
R_0120,Client_01207
R_0121,Client_01210
R_0121,Client_01211
R_0121,Client_01212
R_0121,Client_01213
R_0121,Client_01214
R_0121,Client_01215
R_0121,Client_01216
R_0121,Client_01217
R_0122,Client_01220
R_0122,Client_01221
R_0122,Client_01222
R_0122,Client_01223
R_0122,Client_01224
R_0122,Client_01225
R_0122,Client_01226
R_0122,Client_01227
R_0123,Client_01230
R_0123,Client_01231
R_0123,Client_01232
R_0123,Client_01233
R_0123,Client_01234
R_0123,Client_01235
R_0123,Client_01236
R_0123,Client_01237
R_0124,Client_01240
R_0124,Client_01241
R_0124,Client_01242
R_0124,Client_01243
R_0124,Client_01244
R_0124,Client_01245
R_0124,Client_01246
R_0124,Client_01247
R_0125,Client_01250
R_0125,Client_01251
R_0125,Client_01252
R_0125,Client_01253
R_0125,Client_01254
R_0125,Client_01255
R_0125,Client_01256
R_0125,Client_01257
R_0126,Client_01260
R_0126,Client_01261
R_0126,Client_01262
R_0126,Client_01263
R_0126,Client_01264
R_0126,Client_01265
R_0126,Client_01266
R_0126,Client_01267
R_0127,Client_01270
R_0127,Client_01271
R_0127,Client_01272
R_0127,Client_01273
R_0127,Client_01274
R_0127,Client_01275
R_0127,Client_01276
R_0127,Client_01277
SRouter_012,Server_012
R_0130,Client_01300
R_0130,Client_01301
R_0130,Client_01302
R_0130,Client_01303
R_0130,Client_01304
R_0130,Client_01305
R_0130,Client_01306
R_0130,Client_01307
R_0131,Client_01310
R_0131,Client_01311
R_0131,Client_01312
R_0131,Client_01313
R_0131,Client_01314
R_0131,Client_01315
R_0131,Client_01316
R_0131,Client_01317
R_0132,Client_01320
R_0132,Client_01321
R_0132,Client_01322
R_0132,Client_01323
R_0132,Client_01324
R_0132,Client_01325
R_0132,Client_01326
R_0132,Client_01327
R_0133,Client_01330
R_0133,Client_01331
R_0133,Client_01332
R_0133,Client_01333
R_0133,Client_01334
R_0133,Client_01335
R_0133,Client_01336
R_0133,Client_01337
R_0134,Client_01340
R_0134,Client_01341
R_0134,Client_01342
R_0134,Client_01343
R_0134,Client_01344
R_0134,Client_01345
R_0134,Client_01346
R_0134,Client_01347
R_0135,Client_01350
R_0135,Client_01351
R_0135,Client_01352
R_0135,Client_01353
R_0135,Client_01354
R_0135,Client_01355
R_0135,Client_01356
R_0135,Client_01357
R_0136,Client_01360
R_0136,Client_01361
R_0136,Client_01362
R_0136,Client_01363
R_0136,Client_01364
R_0136,Client_01365
R_0136,Client_01366
R_0136,Client_01367
R_0137,Client_01370
R_0137,Client_01371
R_0137,Client_01372
R_0137,Client_01373
R_0137,Client_01374
R_0137,Client_01375
R_0137,Client_01376
R_0137,Client_01377
SRouter_013,Server_013
R_0140,Client_01400
R_0140,Client_01401
R_0140,Client_01402
R_0140,Client_01403
R_0140,Client_01404
R_0140,Client_01405
R_0140,Client_01406
R_0140,Client_01407
R_0141,Client_01410
R_0141,Client_01411
R_0141,Client_01412
R_0141,Client_01413
R_0141,Client_01414
R_0141,Client_01415
R_0141,Client_01416
R_0141,Client_01417
R_0142,Client_01420
R_0142,Client_01421
R_0142,Client_01422
R_0142,Client_01423
R_0142,Client_01424
R_0142,Client_01425
R_0142,Client_01426
R_0142,Client_01427
R_0143,Client_01430
R_0143,Client_01431
R_0143,Client_01432
R_0143,Client_01433
R_0143,Client_01434
R_0143,Client_01435
R_0143,Client_01436
R_0143,Client_01437
R_0144,Client_01440
R_0144,Client_01441
R_0144,Client_01442
R_0144,Client_01443
R_0144,Client_01444
R_0144,Client_01445
R_0144,Client_01446
R_0144,Client_01447
R_0145,Client_01450
R_0145,Client_01451
R_0145,Client_01452
R_0145,Client_01453
R_0145,Client_01454
R_0145,Client_01455
R_0145,Client_01456
R_0145,Client_01457
R_0146,Client_01460
R_0146,Client_01461
R_0146,Client_01462
R_0146,Client_01463
R_0146,Client_01464
R_0146,Client_01465
R_0146,Client_01466
R_0146,Client_01467
R_0147,Client_01470
R_0147,Client_01471
R_0147,Client_01472
R_0147,Client_01473
R_0147,Client_01474
R_0147,Client_01475
R_0147,Client_01476
R_0147,Client_01477
SRouter_014,Server_014
R_0150,Client_01500
R_0150,Client_01501
R_0150,Client_01502
R_0150,Client_01503
R_0150,Client_01504
R_0150,Client_01505
R_0150,Client_01506
R_0150,Client_01507
R_0151,Client_01510
R_0151,Client_01511
R_0151,Client_01512
R_0151,Client_01513
R_0151,Client_01514
R_0151,Client_01515
R_0151,Client_01516
R_0151,Client_01517
R_0152,Client_01520
R_0152,Client_01521
R_0152,Client_01522
R_0152,Client_01523
R_0152,Client_01524
R_0152,Client_01525
R_0152,Client_01526
R_0152,Client_01527
R_0153,Client_01530
R_0153,Client_01531
R_0153,Client_01532
R_0153,Client_01533
R_0153,Client_01534
R_0153,Client_01535
R_0153,Client_01536
R_0153,Client_01537
R_0154,Client_01540
R_0154,Client_01541
R_0154,Client_01542
R_0154,Client_01543
R_0154,Client_01544
R_0154,Client_01545
R_0154,Client_01546
R_0154,Client_01547
R_0155,Client_01550
R_0155,Client_01551
R_0155,Client_01552
R_0155,Client_01553
R_0155,Client_01554
R_0155,Client_01555
R_0155,Client_01556
R_0155,Client_01557
R_0156,Client_01560
R_0156,Client_01561
R_0156,Client_01562
R_0156,Client_01563
R_0156,Client_01564
R_0156,Client_01565
R_0156,Client_01566
R_0156,Client_01567
R_0157,Client_01570
R_0157,Client_01571
R_0157,Client_01572
R_0157,Client_01573
R_0157,Client_01574
R_0157,Client_01575
R_0157,Client_01576
R_0157,Client_01577
SRouter_015,Server_015
R_0160,Client_01600
R_0160,Client_01601
R_0160,Client_01602
R_0160,Client_01603
R_0160,Client_01604
R_0160,Client_01605
R_0160,Client_01606
R_0160,Client_01607
R_0161,Client_01610
R_0161,Client_01611
R_0161,Client_01612
R_0161,Client_01613
R_0161,Client_01614
R_0161,Client_01615
R_0161,Client_01616
R_0161,Client_01617
R_0162,Client_01620
R_0162,Client_01621
R_0162,Client_01622
R_0162,Client_01623
R_0162,Client_01624
R_0162,Client_01625
R_0162,Client_01626
R_0162,Client_01627
R_0163,Client_01630
R_0163,Client_01631
R_0163,Client_01632
R_0163,Client_01633
R_0163,Client_01634
R_0163,Client_01635
R_0163,Client_01636
R_0163,Client_01637
R_0164,Client_01640
R_0164,Client_01641
R_0164,Client_01642
R_0164,Client_01643
R_0164,Client_01644
R_0164,Client_01645
R_0164,Client_01646
R_0164,Client_01647
R_0165,Client_01650
R_0165,Client_01651
R_0165,Client_01652
R_0165,Client_01653
R_0165,Client_01654
R_0165,Client_01655
R_0165,Client_01656
R_0165,Client_01657
R_0166,Client_01660
R_0166,Client_01661
R_0166,Client_01662
R_0166,Client_01663
R_0166,Client_01664
R_0166,Client_01665
R_0166,Client_01666
R_0166,Client_01667
R_0167,Client_01670
R_0167,Client_01671
R_0167,Client_01672
R_0167,Client_01673
R_0167,Client_01674
R_0167,Client_01675
R_0167,Client_01676
R_0167,Client_01677
SRouter_016,Server_016
R_0170,Client_01700
R_0170,Client_01701
R_0170,Client_01702
R_0170,Client_01703
R_0170,Client_01704
R_0170,Client_01705
R_0170,Client_01706
R_0170,Client_01707
R_0171,Client_01710
R_0171,Client_01711
R_0171,Client_01712
R_0171,Client_01713
R_0171,Client_01714
R_0171,Client_01715
R_0171,Client_01716
R_0171,Client_01717
R_0172,Client_01720
R_0172,Client_01721
R_0172,Client_01722
R_0172,Client_01723
R_0172,Client_01724
R_0172,Client_01725
R_0172,Client_01726
R_0172,Client_01727
R_0173,Client_01730
R_0173,Client_01731
R_0173,Client_01732
R_0173,Client_01733
R_0173,Client_01734
R_0173,Client_01735
R_0173,Client_01736
R_0173,Client_01737
R_0174,Client_01740
R_0174,Client_01741
R_0174,Client_01742
R_0174,Client_01743
R_0174,Client_01744
R_0174,Client_01745
R_0174,Client_01746
R_0174,Client_01747
R_0175,Client_01750
R_0175,Client_01751
R_0175,Client_01752
R_0175,Client_01753
R_0175,Client_01754
R_0175,Client_01755
R_0175,Client_01756
R_0175,Client_01757
R_0176,Client_01760
R_0176,Client_01761
R_0176,Client_01762
R_0176,Client_01763
R_0176,Client_01764
R_0176,Client_01765
R_0176,Client_01766
R_0176,Client_01767
R_0177,Client_01770
R_0177,Client_01771
R_0177,Client_01772
R_0177,Client_01773
R_0177,Client_01774
R_0177,Client_01775
R_0177,Client_01776
R_0177,Client_01777
SRouter_017,Server_017
SRouter_01,Server_01
R_0200,Client_02000
R_0200,Client_02001
R_0200,Client_02002
R_0200,Client_02003
R_0200,Client_02004
R_0200,Client_02005
R_0200,Client_02006
R_0200,Client_02007
R_0201,Client_02010
R_0201,Client_02011
R_0201,Client_02012
R_0201,Client_02013
R_0201,Client_02014
R_0201,Client_02015
R_0201,Client_02016
R_0201,Client_02017
R_0202,Client_02020
R_0202,Client_02021
R_0202,Client_02022
R_0202,Client_02023
R_0202,Client_02024
R_0202,Client_02025
R_0202,Client_02026
R_0202,Client_02027
R_0203,Client_02030
R_0203,Client_02031
R_0203,Client_02032
R_0203,Client_02033
R_0203,Client_02034
R_0203,Client_02035
R_0203,Client_02036
R_0203,Client_02037
R_0204,Client_02040
R_0204,Client_02041
R_0204,Client_02042
R_0204,Client_02043
R_0204,Client_02044
R_0204,Client_02045
R_0204,Client_02046
R_0204,Client_02047
R_0205,Client_02050
R_0205,Client_02051
R_0205,Client_02052
R_0205,Client_02053
R_0205,Client_02054
R_0205,Client_02055
R_0205,Client_02056
R_0205,Client_02057
R_0206,Client_02060
R_0206,Client_02061
R_0206,Client_02062
R_0206,Client_02063
R_0206,Client_02064
R_0206,Client_02065
R_0206,Client_02066
R_0206,Client_02067
R_0207,Client_02070
R_0207,Client_02071
R_0207,Client_02072
R_0207,Client_02073
R_0207,Client_02074
R_0207,Client_02075
R_0207,Client_02076
R_0207,Client_02077
SRouter_020,Server_020
R_0210,Client_02100
R_0210,Client_02101
R_0210,Client_02102
R_0210,Client_02103
R_0210,Client_02104
R_0210,Client_02105
R_0210,Client_02106
R_0210,Client_02107
R_0211,Client_02110
R_0211,Client_02111
R_0211,Client_02112
R_0211,Client_02113
R_0211,Client_02114
R_0211,Client_02115
R_0211,Client_02116
R_0211,Client_02117
R_0212,Client_02120
R_0212,Client_02121
R_0212,Client_02122
R_0212,Client_02123
R_0212,Client_02124
R_0212,Client_02125
R_0212,Client_02126
R_0212,Client_02127
R_0213,Client_02130
R_0213,Client_02131
R_0213,Client_02132
R_0213,Client_02133
R_0213,Client_02134
R_0213,Client_02135
R_0213,Client_02136
R_0213,Client_02137
R_0214,Client_02140
R_0214,Client_02141
R_0214,Client_02142
R_0214,Client_02143
R_0214,Client_02144
R_0214,Client_02145
R_0214,Client_02146
R_0214,Client_02147
R_0215,Client_02150
R_0215,Client_02151
R_0215,Client_02152
R_0215,Client_02153
R_0215,Client_02154
R_0215,Client_02155
R_0215,Client_02156
R_0215,Client_02157
R_0216,Client_02160
R_0216,Client_02161
R_0216,Client_02162
R_0216,Client_02163
R_0216,Client_02164
R_0216,Client_02165
R_0216,Client_02166
R_0216,Client_02167
R_0217,Client_02170
R_0217,Client_02171
R_0217,Client_02172
R_0217,Client_02173
R_0217,Client_02174
R_0217,Client_02175
R_0217,Client_02176
R_0217,Client_02177
SRouter_021,Server_021
R_0220,Client_02200
R_0220,Client_02201
R_0220,Client_02202
R_0220,Client_02203
R_0220,Client_02204
R_0220,Client_02205
R_0220,Client_02206
R_0220,Client_02207
R_0221,Client_02210
R_0221,Client_02211
R_0221,Client_02212
R_0221,Client_02213
R_0221,Client_02214
R_0221,Client_02215
R_0221,Client_02216
R_0221,Client_02217
R_0222,Client_02220
R_0222,Client_02221
R_0222,Client_02222
R_0222,Client_02223
R_0222,Client_02224
R_0222,Client_02225
R_0222,Client_02226
R_0222,Client_02227
R_0223,Client_02230
R_0223,Client_02231
R_0223,Client_02232
R_0223,Client_02233
R_0223,Client_02234
R_0223,Client_02235
R_0223,Client_02236
R_0223,Client_02237
R_0224,Client_02240
R_0224,Client_02241
R_0224,Client_02242
R_0224,Client_02243
R_0224,Client_02244
R_0224,Client_02245
R_0224,Client_02246
R_0224,Client_02247
R_0225,Client_02250
R_0225,Client_02251
R_0225,Client_02252
R_0225,Client_02253
R_0225,Client_02254
R_0225,Client_02255
R_0225,Client_02256
R_0225,Client_02257
R_0226,Client_02260
R_0226,Client_02261
R_0226,Client_02262
R_0226,Client_02263
R_0226,Client_02264
R_0226,Client_02265
R_0226,Client_02266
R_0226,Client_02267
R_0227,Client_02270
R_0227,Client_02271
R_0227,Client_02272
R_0227,Client_02273
R_0227,Client_02274
R_0227,Client_02275
R_0227,Client_02276
R_0227,Client_02277
SRouter_022,Server_022
R_0230,Client_02300
R_0230,Client_02301
R_0230,Client_02302
R_0230,Client_02303
R_0230,Client_02304
R_0230,Client_02305
R_0230,Client_02306
R_0230,Client_02307
R_0231,Client_02310
R_0231,Client_02311
R_0231,Client_02312
R_0231,Client_02313
R_0231,Client_02314
R_0231,Client_02315
R_0231,Client_02316
R_0231,Client_02317
R_0232,Client_02320
R_0232,Client_02321
R_0232,Client_02322
R_0232,Client_02323
R_0232,Client_02324
R_0232,Client_02325
R_0232,Client_02326
R_0232,Client_02327
R_0233,Client_02330
R_0233,Client_02331
R_0233,Client_02332
R_0233,Client_02333
R_0233,Client_02334
R_0233,Client_02335
R_0233,Client_02336
R_0233,Client_02337
R_0234,Client_02340
R_0234,Client_02341
R_0234,Client_02342
R_0234,Client_02343
R_0234,Client_02344
R_0234,Client_02345
R_0234,Client_02346
R_0234,Client_02347
R_0235,Client_02350
R_0235,Client_02351
R_0235,Client_02352
R_0235,Client_02353
R_0235,Client_02354
R_0235,Client_02355
R_0235,Client_02356
R_0235,Client_02357
R_0236,Client_02360
R_0236,Client_02361
R_0236,Client_02362
R_0236,Client_02363
R_0236,Client_02364
R_0236,Client_02365
R_0236,Client_02366
R_0236,Client_02367
R_0237,Client_02370
R_0237,Client_02371
R_0237,Client_02372
R_0237,Client_02373
R_0237,Client_02374
R_0237,Client_02375
R_0237,Client_02376
R_0237,Client_02377
SRouter_023,Server_023
R_0240,Client_02400
R_0240,Client_02401
R_0240,Client_02402
R_0240,Client_02403
R_0240,Client_02404
R_0240,Client_02405
R_0240,Client_02406
R_0240,Client_02407
R_0241,Client_02410
R_0241,Client_02411
R_0241,Client_02412
R_0241,Client_02413
R_0241,Client_02414
R_0241,Client_02415
R_0241,Client_02416
R_0241,Client_02417
R_0242,Client_02420
R_0242,Client_02421
R_0242,Client_02422
R_0242,Client_02423
R_0242,Client_02424
R_0242,Client_02425
R_0242,Client_02426
R_0242,Client_02427
R_0243,Client_02430
R_0243,Client_02431
R_0243,Client_02432
R_0243,Client_02433
R_0243,Client_02434
R_0243,Client_02435
R_0243,Client_02436
R_0243,Client_02437
R_0244,Client_02440
R_0244,Client_02441
R_0244,Client_02442
R_0244,Client_02443
R_0244,Client_02444
R_0244,Client_02445
R_0244,Client_02446
R_0244,Client_02447
R_0245,Client_02450
R_0245,Client_02451
R_0245,Client_02452
R_0245,Client_02453
R_0245,Client_02454
R_0245,Client_02455
R_0245,Client_02456
R_0245,Client_02457
R_0246,Client_02460
R_0246,Client_02461
R_0246,Client_02462
R_0246,Client_02463
R_0246,Client_02464
R_0246,Client_02465
R_0246,Client_02466
R_0246,Client_02467
R_0247,Client_02470
R_0247,Client_02471
R_0247,Client_02472
R_0247,Client_02473
R_0247,Client_02474
R_0247,Client_02475
R_0247,Client_02476
R_0247,Client_02477
SRouter_024,Server_024
R_0250,Client_02500
R_0250,Client_02501
R_0250,Client_02502
R_0250,Client_02503
R_0250,Client_02504
R_0250,Client_02505
R_0250,Client_02506
R_0250,Client_02507
R_0251,Client_02510
R_0251,Client_02511
R_0251,Client_02512
R_0251,Client_02513
R_0251,Client_02514
R_0251,Client_02515
R_0251,Client_02516
R_0251,Client_02517
R_0252,Client_02520
R_0252,Client_02521
R_0252,Client_02522
R_0252,Client_02523
R_0252,Client_02524
R_0252,Client_02525
R_0252,Client_02526
R_0252,Client_02527
R_0253,Client_02530
R_0253,Client_02531
R_0253,Client_02532
R_0253,Client_02533
R_0253,Client_02534
R_0253,Client_02535
R_0253,Client_02536
R_0253,Client_02537
R_0254,Client_02540
R_0254,Client_02541
R_0254,Client_02542
R_0254,Client_02543
R_0254,Client_02544
R_0254,Client_02545
R_0254,Client_02546
R_0254,Client_02547
R_0255,Client_02550
R_0255,Client_02551
R_0255,Client_02552
R_0255,Client_02553
R_0255,Client_02554
R_0255,Client_02555
R_0255,Client_02556
R_0255,Client_02557
R_0256,Client_02560
R_0256,Client_02561
R_0256,Client_02562
R_0256,Client_02563
R_0256,Client_02564
R_0256,Client_02565
R_0256,Client_02566
R_0256,Client_02567
R_0257,Client_02570
R_0257,Client_02571
R_0257,Client_02572
R_0257,Client_02573
R_0257,Client_02574
R_0257,Client_02575
R_0257,Client_02576
R_0257,Client_02577
SRouter_025,Server_025
R_0260,Client_02600
R_0260,Client_02601
R_0260,Client_02602
R_0260,Client_02603
R_0260,Client_02604
R_0260,Client_02605
R_0260,Client_02606
R_0260,Client_02607
R_0261,Client_02610
R_0261,Client_02611
R_0261,Client_02612
R_0261,Client_02613
R_0261,Client_02614
R_0261,Client_02615
R_0261,Client_02616
R_0261,Client_02617
R_0262,Client_02620
R_0262,Client_02621
R_0262,Client_02622
R_0262,Client_02623
R_0262,Client_02624
R_0262,Client_02625
R_0262,Client_02626
R_0262,Client_02627
R_0263,Client_02630
R_0263,Client_02631
R_0263,Client_02632
R_0263,Client_02633
R_0263,Client_02634
R_0263,Client_02635
R_0263,Client_02636
R_0263,Client_02637
R_0264,Client_02640
R_0264,Client_02641
R_0264,Client_02642
R_0264,Client_02643
R_0264,Client_02644
R_0264,Client_02645
R_0264,Client_02646
R_0264,Client_02647
R_0265,Client_02650
R_0265,Client_02651
R_0265,Client_02652
R_0265,Client_02653
R_0265,Client_02654
R_0265,Client_02655
R_0265,Client_02656
R_0265,Client_02657
R_0266,Client_02660
R_0266,Client_02661
R_0266,Client_02662
R_0266,Client_02663
R_0266,Client_02664
R_0266,Client_02665
R_0266,Client_02666
R_0266,Client_02667
R_0267,Client_02670
R_0267,Client_02671
R_0267,Client_02672
R_0267,Client_02673
R_0267,Client_02674
R_0267,Client_02675
R_0267,Client_02676
R_0267,Client_02677
SRouter_026,Server_026
R_0270,Client_02700
R_0270,Client_02701
R_0270,Client_02702
R_0270,Client_02703
R_0270,Client_02704
R_0270,Client_02705
R_0270,Client_02706
R_0270,Client_02707
R_0271,Client_02710
R_0271,Client_02711
R_0271,Client_02712
R_0271,Client_02713
R_0271,Client_02714
R_0271,Client_02715
R_0271,Client_02716
R_0271,Client_02717
R_0272,Client_02720
R_0272,Client_02721
R_0272,Client_02722
R_0272,Client_02723
R_0272,Client_02724
R_0272,Client_02725
R_0272,Client_02726
R_0272,Client_02727
R_0273,Client_02730
R_0273,Client_02731
R_0273,Client_02732
R_0273,Client_02733
R_0273,Client_02734
R_0273,Client_02735
R_0273,Client_02736
R_0273,Client_02737
R_0274,Client_02740
R_0274,Client_02741
R_0274,Client_02742
R_0274,Client_02743
R_0274,Client_02744
R_0274,Client_02745
R_0274,Client_02746
R_0274,Client_02747
R_0275,Client_02750
R_0275,Client_02751
R_0275,Client_02752
R_0275,Client_02753
R_0275,Client_02754
R_0275,Client_02755
R_0275,Client_02756
R_0275,Client_02757
R_0276,Client_02760
R_0276,Client_02761
R_0276,Client_02762
R_0276,Client_02763
R_0276,Client_02764
R_0276,Client_02765
R_0276,Client_02766
R_0276,Client_02767
R_0277,Client_02770
R_0277,Client_02771
R_0277,Client_02772
R_0277,Client_02773
R_0277,Client_02774
R_0277,Client_02775
R_0277,Client_02776
R_0277,Client_02777
SRouter_027,Server_027
SRouter_02,Server_02
R_0300,Client_03000
R_0300,Client_03001
R_0300,Client_03002
R_0300,Client_03003
R_0300,Client_03004
R_0300,Client_03005
R_0300,Client_03006
R_0300,Client_03007
R_0301,Client_03010
R_0301,Client_03011
R_0301,Client_03012
R_0301,Client_03013
R_0301,Client_03014
R_0301,Client_03015
R_0301,Client_03016
R_0301,Client_03017
R_0302,Client_03020
R_0302,Client_03021
R_0302,Client_03022
R_0302,Client_03023
R_0302,Client_03024
R_0302,Client_03025
R_0302,Client_03026
R_0302,Client_03027
R_0303,Client_03030
R_0303,Client_03031
R_0303,Client_03032
R_0303,Client_03033
R_0303,Client_03034
R_0303,Client_03035
R_0303,Client_03036
R_0303,Client_03037
R_0304,Client_03040
R_0304,Client_03041
R_0304,Client_03042
R_0304,Client_03043
R_0304,Client_03044
R_0304,Client_03045
R_0304,Client_03046
R_0304,Client_03047
R_0305,Client_03050
R_0305,Client_03051
R_0305,Client_03052
R_0305,Client_03053
R_0305,Client_03054
R_0305,Client_03055
R_0305,Client_03056
R_0305,Client_03057
R_0306,Client_03060
R_0306,Client_03061
R_0306,Client_03062
R_0306,Client_03063
R_0306,Client_03064
R_0306,Client_03065
R_0306,Client_03066
R_0306,Client_03067
R_0307,Client_03070
R_0307,Client_03071
R_0307,Client_03072
R_0307,Client_03073
R_0307,Client_03074
R_0307,Client_03075
R_0307,Client_03076
R_0307,Client_03077
SRouter_030,Server_030
R_0310,Client_03100
R_0310,Client_03101
R_0310,Client_03102
R_0310,Client_03103
R_0310,Client_03104
R_0310,Client_03105
R_0310,Client_03106
R_0310,Client_03107
R_0311,Client_03110
R_0311,Client_03111
R_0311,Client_03112
R_0311,Client_03113
R_0311,Client_03114
R_0311,Client_03115
R_0311,Client_03116
R_0311,Client_03117
R_0312,Client_03120
R_0312,Client_03121
R_0312,Client_03122
R_0312,Client_03123
R_0312,Client_03124
R_0312,Client_03125
R_0312,Client_03126
R_0312,Client_03127
R_0313,Client_03130
R_0313,Client_03131
R_0313,Client_03132
R_0313,Client_03133
R_0313,Client_03134
R_0313,Client_03135
R_0313,Client_03136
R_0313,Client_03137
R_0314,Client_03140
R_0314,Client_03141
R_0314,Client_03142
R_0314,Client_03143
R_0314,Client_03144
R_0314,Client_03145
R_0314,Client_03146
R_0314,Client_03147
R_0315,Client_03150
R_0315,Client_03151
R_0315,Client_03152
R_0315,Client_03153
R_0315,Client_03154
R_0315,Client_03155
R_0315,Client_03156
R_0315,Client_03157
R_0316,Client_03160
R_0316,Client_03161
R_0316,Client_03162
R_0316,Client_03163
R_0316,Client_03164
R_0316,Client_03165
R_0316,Client_03166
R_0316,Client_03167
R_0317,Client_03170
R_0317,Client_03171
R_0317,Client_03172
R_0317,Client_03173
R_0317,Client_03174
R_0317,Client_03175
R_0317,Client_03176
R_0317,Client_03177
SRouter_031,Server_031
R_0320,Client_03200
R_0320,Client_03201
R_0320,Client_03202
R_0320,Client_03203
R_0320,Client_03204
R_0320,Client_03205
R_0320,Client_03206
R_0320,Client_03207
R_0321,Client_03210
R_0321,Client_03211
R_0321,Client_03212
R_0321,Client_03213
R_0321,Client_03214
R_0321,Client_03215
R_0321,Client_03216
R_0321,Client_03217
R_0322,Client_03220
R_0322,Client_03221
R_0322,Client_03222
R_0322,Client_03223
R_0322,Client_03224
R_0322,Client_03225
R_0322,Client_03226
R_0322,Client_03227
R_0323,Client_03230
R_0323,Client_03231
R_0323,Client_03232
R_0323,Client_03233
R_0323,Client_03234
R_0323,Client_03235
R_0323,Client_03236
R_0323,Client_03237
R_0324,Client_03240
R_0324,Client_03241
R_0324,Client_03242
R_0324,Client_03243
R_0324,Client_03244
R_0324,Client_03245
R_0324,Client_03246
R_0324,Client_03247
R_0325,Client_03250
R_0325,Client_03251
R_0325,Client_03252
R_0325,Client_03253
R_0325,Client_03254
R_0325,Client_03255
R_0325,Client_03256
R_0325,Client_03257
R_0326,Client_03260
R_0326,Client_03261
R_0326,Client_03262
R_0326,Client_03263
R_0326,Client_03264
R_0326,Client_03265
R_0326,Client_03266
R_0326,Client_03267
R_0327,Client_03270
R_0327,Client_03271
R_0327,Client_03272
R_0327,Client_03273
R_0327,Client_03274
R_0327,Client_03275
R_0327,Client_03276
R_0327,Client_03277
SRouter_032,Server_032
R_0330,Client_03300
R_0330,Client_03301
R_0330,Client_03302
R_0330,Client_03303
R_0330,Client_03304
R_0330,Client_03305
R_0330,Client_03306
R_0330,Client_03307
R_0331,Client_03310
R_0331,Client_03311
R_0331,Client_03312
R_0331,Client_03313
R_0331,Client_03314
R_0331,Client_03315
R_0331,Client_03316
R_0331,Client_03317
R_0332,Client_03320
R_0332,Client_03321
R_0332,Client_03322
R_0332,Client_03323
R_0332,Client_03324
R_0332,Client_03325
R_0332,Client_03326
R_0332,Client_03327
R_0333,Client_03330
R_0333,Client_03331
R_0333,Client_03332
R_0333,Client_03333
R_0333,Client_03334
R_0333,Client_03335
R_0333,Client_03336
R_0333,Client_03337
R_0334,Client_03340
R_0334,Client_03341
R_0334,Client_03342
R_0334,Client_03343
R_0334,Client_03344
R_0334,Client_03345
R_0334,Client_03346
R_0334,Client_03347
R_0335,Client_03350
R_0335,Client_03351
R_0335,Client_03352
R_0335,Client_03353
R_0335,Client_03354
R_0335,Client_03355
R_0335,Client_03356
R_0335,Client_03357
R_0336,Client_03360
R_0336,Client_03361
R_0336,Client_03362
R_0336,Client_03363
R_0336,Client_03364
R_0336,Client_03365
R_0336,Client_03366
R_0336,Client_03367
R_0337,Client_03370
R_0337,Client_03371
R_0337,Client_03372
R_0337,Client_03373
R_0337,Client_03374
R_0337,Client_03375
R_0337,Client_03376
R_0337,Client_03377
SRouter_033,Server_033
R_0340,Client_03400
R_0340,Client_03401
R_0340,Client_03402
R_0340,Client_03403
R_0340,Client_03404
R_0340,Client_03405
R_0340,Client_03406
R_0340,Client_03407
R_0341,Client_03410
R_0341,Client_03411
R_0341,Client_03412
R_0341,Client_03413
R_0341,Client_03414
R_0341,Client_03415
R_0341,Client_03416
R_0341,Client_03417
R_0342,Client_03420
R_0342,Client_03421
R_0342,Client_03422
R_0342,Client_03423
R_0342,Client_03424
R_0342,Client_03425
R_0342,Client_03426
R_0342,Client_03427
R_0343,Client_03430
R_0343,Client_03431
R_0343,Client_03432
R_0343,Client_03433
R_0343,Client_03434
R_0343,Client_03435
R_0343,Client_03436
R_0343,Client_03437
R_0344,Client_03440
R_0344,Client_03441
R_0344,Client_03442
R_0344,Client_03443
R_0344,Client_03444
R_0344,Client_03445
R_0344,Client_03446
R_0344,Client_03447
R_0345,Client_03450
R_0345,Client_03451
R_0345,Client_03452
R_0345,Client_03453
R_0345,Client_03454
R_0345,Client_03455
R_0345,Client_03456
R_0345,Client_03457
R_0346,Client_03460
R_0346,Client_03461
R_0346,Client_03462
R_0346,Client_03463
R_0346,Client_03464
R_0346,Client_03465
R_0346,Client_03466
R_0346,Client_03467
R_0347,Client_03470
R_0347,Client_03471
R_0347,Client_03472
R_0347,Client_03473
R_0347,Client_03474
R_0347,Client_03475
R_0347,Client_03476
R_0347,Client_03477
SRouter_034,Server_034
R_0350,Client_03500
R_0350,Client_03501
R_0350,Client_03502
R_0350,Client_03503
R_0350,Client_03504
R_0350,Client_03505
R_0350,Client_03506
R_0350,Client_03507
R_0351,Client_03510
R_0351,Client_03511
R_0351,Client_03512
R_0351,Client_03513
R_0351,Client_03514
R_0351,Client_03515
R_0351,Client_03516
R_0351,Client_03517
R_0352,Client_03520
R_0352,Client_03521
R_0352,Client_03522
R_0352,Client_03523
R_0352,Client_03524
R_0352,Client_03525
R_0352,Client_03526
R_0352,Client_03527
R_0353,Client_03530
R_0353,Client_03531
R_0353,Client_03532
R_0353,Client_03533
R_0353,Client_03534
R_0353,Client_03535
R_0353,Client_03536
R_0353,Client_03537
R_0354,Client_03540
R_0354,Client_03541
R_0354,Client_03542
R_0354,Client_03543
R_0354,Client_03544
R_0354,Client_03545
R_0354,Client_03546
R_0354,Client_03547
R_0355,Client_03550
R_0355,Client_03551
R_0355,Client_03552
R_0355,Client_03553
R_0355,Client_03554
R_0355,Client_03555
R_0355,Client_03556
R_0355,Client_03557
R_0356,Client_03560
R_0356,Client_03561
R_0356,Client_03562
R_0356,Client_03563
R_0356,Client_03564
R_0356,Client_03565
R_0356,Client_03566
R_0356,Client_03567
R_0357,Client_03570
R_0357,Client_03571
R_0357,Client_03572
R_0357,Client_03573
R_0357,Client_03574
R_0357,Client_03575
R_0357,Client_03576
R_0357,Client_03577
SRouter_035,Server_035
R_0360,Client_03600
R_0360,Client_03601
R_0360,Client_03602
R_0360,Client_03603
R_0360,Client_03604
R_0360,Client_03605
R_0360,Client_03606
R_0360,Client_03607
R_0361,Client_03610
R_0361,Client_03611
R_0361,Client_03612
R_0361,Client_03613
R_0361,Client_03614
R_0361,Client_03615
R_0361,Client_03616
R_0361,Client_03617
R_0362,Client_03620
R_0362,Client_03621
R_0362,Client_03622
R_0362,Client_03623
R_0362,Client_03624
R_0362,Client_03625
R_0362,Client_03626
R_0362,Client_03627
R_0363,Client_03630
R_0363,Client_03631
R_0363,Client_03632
R_0363,Client_03633
R_0363,Client_03634
R_0363,Client_03635
R_0363,Client_03636
R_0363,Client_03637
R_0364,Client_03640
R_0364,Client_03641
R_0364,Client_03642
R_0364,Client_03643
R_0364,Client_03644
R_0364,Client_03645
R_0364,Client_03646
R_0364,Client_03647
R_0365,Client_03650
R_0365,Client_03651
R_0365,Client_03652
R_0365,Client_03653
R_0365,Client_03654
R_0365,Client_03655
R_0365,Client_03656
R_0365,Client_03657
R_0366,Client_03660
R_0366,Client_03661
R_0366,Client_03662
R_0366,Client_03663
R_0366,Client_03664
R_0366,Client_03665
R_0366,Client_03666
R_0366,Client_03667
R_0367,Client_03670
R_0367,Client_03671
R_0367,Client_03672
R_0367,Client_03673
R_0367,Client_03674
R_0367,Client_03675
R_0367,Client_03676
R_0367,Client_03677
SRouter_036,Server_036
R_0370,Client_03700
R_0370,Client_03701
R_0370,Client_03702
R_0370,Client_03703
R_0370,Client_03704
R_0370,Client_03705
R_0370,Client_03706
R_0370,Client_03707
R_0371,Client_03710
R_0371,Client_03711
R_0371,Client_03712
R_0371,Client_03713
R_0371,Client_03714
R_0371,Client_03715
R_0371,Client_03716
R_0371,Client_03717
R_0372,Client_03720
R_0372,Client_03721
R_0372,Client_03722
R_0372,Client_03723
R_0372,Client_03724
R_0372,Client_03725
R_0372,Client_03726
R_0372,Client_03727
R_0373,Client_03730
R_0373,Client_03731
R_0373,Client_03732
R_0373,Client_03733
R_0373,Client_03734
R_0373,Client_03735
R_0373,Client_03736
R_0373,Client_03737
R_0374,Client_03740
R_0374,Client_03741
R_0374,Client_03742
R_0374,Client_03743
R_0374,Client_03744
R_0374,Client_03745
R_0374,Client_03746
R_0374,Client_03747
R_0375,Client_03750
R_0375,Client_03751
R_0375,Client_03752
R_0375,Client_03753
R_0375,Client_03754
R_0375,Client_03755
R_0375,Client_03756
R_0375,Client_03757
R_0376,Client_03760
R_0376,Client_03761
R_0376,Client_03762
R_0376,Client_03763
R_0376,Client_03764
R_0376,Client_03765
R_0376,Client_03766
R_0376,Client_03767
R_0377,Client_03770
R_0377,Client_03771
R_0377,Client_03772
R_0377,Client_03773
R_0377,Client_03774
R_0377,Client_03775
R_0377,Client_03776
R_0377,Client_03777
SRouter_037,Server_037
SRouter_03,Server_03
R_0400,Client_04000
R_0400,Client_04001
R_0400,Client_04002
R_0400,Client_04003
R_0400,Client_04004
R_0400,Client_04005
R_0400,Client_04006
R_0400,Client_04007
R_0401,Client_04010
R_0401,Client_04011
R_0401,Client_04012
R_0401,Client_04013
R_0401,Client_04014
R_0401,Client_04015
R_0401,Client_04016
R_0401,Client_04017
R_0402,Client_04020
R_0402,Client_04021
R_0402,Client_04022
R_0402,Client_04023
R_0402,Client_04024
R_0402,Client_04025
R_0402,Client_04026
R_0402,Client_04027
R_0403,Client_04030
R_0403,Client_04031
R_0403,Client_04032
R_0403,Client_04033
R_0403,Client_04034
R_0403,Client_04035
R_0403,Client_04036
R_0403,Client_04037
R_0404,Client_04040
R_0404,Client_04041
R_0404,Client_04042
R_0404,Client_04043
R_0404,Client_04044
R_0404,Client_04045
R_0404,Client_04046
R_0404,Client_04047
R_0405,Client_04050
R_0405,Client_04051
R_0405,Client_04052
R_0405,Client_04053
R_0405,Client_04054
R_0405,Client_04055
R_0405,Client_04056
R_0405,Client_04057
R_0406,Client_04060
R_0406,Client_04061
R_0406,Client_04062
R_0406,Client_04063
R_0406,Client_04064
R_0406,Client_04065
R_0406,Client_04066
R_0406,Client_04067
R_0407,Client_04070
R_0407,Client_04071
R_0407,Client_04072
R_0407,Client_04073
R_0407,Client_04074
R_0407,Client_04075
R_0407,Client_04076
R_0407,Client_04077
SRouter_040,Server_040
R_0410,Client_04100
R_0410,Client_04101
R_0410,Client_04102
R_0410,Client_04103
R_0410,Client_04104
R_0410,Client_04105
R_0410,Client_04106
R_0410,Client_04107
R_0411,Client_04110
R_0411,Client_04111
R_0411,Client_04112
R_0411,Client_04113
R_0411,Client_04114
R_0411,Client_04115
R_0411,Client_04116
R_0411,Client_04117
R_0412,Client_04120
R_0412,Client_04121
R_0412,Client_04122
R_0412,Client_04123
R_0412,Client_04124
R_0412,Client_04125
R_0412,Client_04126
R_0412,Client_04127
R_0413,Client_04130
R_0413,Client_04131
R_0413,Client_04132
R_0413,Client_04133
R_0413,Client_04134
R_0413,Client_04135
R_0413,Client_04136
R_0413,Client_04137
R_0414,Client_04140
R_0414,Client_04141
R_0414,Client_04142
R_0414,Client_04143
R_0414,Client_04144
R_0414,Client_04145
R_0414,Client_04146
R_0414,Client_04147
R_0415,Client_04150
R_0415,Client_04151
R_0415,Client_04152
R_0415,Client_04153
R_0415,Client_04154
R_0415,Client_04155
R_0415,Client_04156
R_0415,Client_04157
R_0416,Client_04160
R_0416,Client_04161
R_0416,Client_04162
R_0416,Client_04163
R_0416,Client_04164
R_0416,Client_04165
R_0416,Client_04166
R_0416,Client_04167
R_0417,Client_04170
R_0417,Client_04171
R_0417,Client_04172
R_0417,Client_04173
R_0417,Client_04174
R_0417,Client_04175
R_0417,Client_04176
R_0417,Client_04177
SRouter_041,Server_041
R_0420,Client_04200
R_0420,Client_04201
R_0420,Client_04202
R_0420,Client_04203
R_0420,Client_04204
R_0420,Client_04205
R_0420,Client_04206
R_0420,Client_04207
R_0421,Client_04210
R_0421,Client_04211
R_0421,Client_04212
R_0421,Client_04213
R_0421,Client_04214
R_0421,Client_04215
R_0421,Client_04216
R_0421,Client_04217
R_0422,Client_04220
R_0422,Client_04221
R_0422,Client_04222
R_0422,Client_04223
R_0422,Client_04224
R_0422,Client_04225
R_0422,Client_04226
R_0422,Client_04227
R_0423,Client_04230
R_0423,Client_04231
R_0423,Client_04232
R_0423,Client_04233
R_0423,Client_04234
R_0423,Client_04235
R_0423,Client_04236
R_0423,Client_04237
R_0424,Client_04240
R_0424,Client_04241
R_0424,Client_04242
R_0424,Client_04243
R_0424,Client_04244
R_0424,Client_04245
R_0424,Client_04246
R_0424,Client_04247
R_0425,Client_04250
R_0425,Client_04251
R_0425,Client_04252
R_0425,Client_04253
R_0425,Client_04254
R_0425,Client_04255
R_0425,Client_04256
R_0425,Client_04257
R_0426,Client_04260
R_0426,Client_04261
R_0426,Client_04262
R_0426,Client_04263
R_0426,Client_04264
R_0426,Client_04265
R_0426,Client_04266
R_0426,Client_04267
R_0427,Client_04270
R_0427,Client_04271
R_0427,Client_04272
R_0427,Client_04273
R_0427,Client_04274
R_0427,Client_04275
R_0427,Client_04276
R_0427,Client_04277
SRouter_042,Server_042
R_0430,Client_04300
R_0430,Client_04301
R_0430,Client_04302
R_0430,Client_04303
R_0430,Client_04304
R_0430,Client_04305
R_0430,Client_04306
R_0430,Client_04307
R_0431,Client_04310
R_0431,Client_04311
R_0431,Client_04312
R_0431,Client_04313
R_0431,Client_04314
R_0431,Client_04315
R_0431,Client_04316
R_0431,Client_04317
R_0432,Client_04320
R_0432,Client_04321
R_0432,Client_04322
R_0432,Client_04323
R_0432,Client_04324
R_0432,Client_04325
R_0432,Client_04326
R_0432,Client_04327
R_0433,Client_04330
R_0433,Client_04331
R_0433,Client_04332
R_0433,Client_04333
R_0433,Client_04334
R_0433,Client_04335
R_0433,Client_04336
R_0433,Client_04337
R_0434,Client_04340
R_0434,Client_04341
R_0434,Client_04342
R_0434,Client_04343
R_0434,Client_04344
R_0434,Client_04345
R_0434,Client_04346
R_0434,Client_04347
R_0435,Client_04350
R_0435,Client_04351
R_0435,Client_04352
R_0435,Client_04353
R_0435,Client_04354
R_0435,Client_04355
R_0435,Client_04356
R_0435,Client_04357
R_0436,Client_04360
R_0436,Client_04361
R_0436,Client_04362
R_0436,Client_04363
R_0436,Client_04364
R_0436,Client_04365
R_0436,Client_04366
R_0436,Client_04367
R_0437,Client_04370
R_0437,Client_04371
R_0437,Client_04372
R_0437,Client_04373
R_0437,Client_04374
R_0437,Client_04375
R_0437,Client_04376
R_0437,Client_04377
SRouter_043,Server_043
R_0440,Client_04400
R_0440,Client_04401
R_0440,Client_04402
R_0440,Client_04403
R_0440,Client_04404
R_0440,Client_04405
R_0440,Client_04406
R_0440,Client_04407
R_0441,Client_04410
R_0441,Client_04411
R_0441,Client_04412
R_0441,Client_04413
R_0441,Client_04414
R_0441,Client_04415
R_0441,Client_04416
R_0441,Client_04417
R_0442,Client_04420
R_0442,Client_04421
R_0442,Client_04422
R_0442,Client_04423
R_0442,Client_04424
R_0442,Client_04425
R_0442,Client_04426
R_0442,Client_04427
R_0443,Client_04430
R_0443,Client_04431
R_0443,Client_04432
R_0443,Client_04433
R_0443,Client_04434
R_0443,Client_04435
R_0443,Client_04436
R_0443,Client_04437
R_0444,Client_04440
R_0444,Client_04441
R_0444,Client_04442
R_0444,Client_04443
R_0444,Client_04444
R_0444,Client_04445
R_0444,Client_04446
R_0444,Client_04447
R_0445,Client_04450
R_0445,Client_04451
R_0445,Client_04452
R_0445,Client_04453
R_0445,Client_04454
R_0445,Client_04455
R_0445,Client_04456
R_0445,Client_04457
R_0446,Client_04460
R_0446,Client_04461
R_0446,Client_04462
R_0446,Client_04463
R_0446,Client_04464
R_0446,Client_04465
R_0446,Client_04466
R_0446,Client_04467
R_0447,Client_04470
R_0447,Client_04471
R_0447,Client_04472
R_0447,Client_04473
R_0447,Client_04474
R_0447,Client_04475
R_0447,Client_04476
R_0447,Client_04477
SRouter_044,Server_044
R_0450,Client_04500
R_0450,Client_04501
R_0450,Client_04502
R_0450,Client_04503
R_0450,Client_04504
R_0450,Client_04505
R_0450,Client_04506
R_0450,Client_04507
R_0451,Client_04510
R_0451,Client_04511
R_0451,Client_04512
R_0451,Client_04513
R_0451,Client_04514
R_0451,Client_04515
R_0451,Client_04516
R_0451,Client_04517
R_0452,Client_04520
R_0452,Client_04521
R_0452,Client_04522
R_0452,Client_04523
R_0452,Client_04524
R_0452,Client_04525
R_0452,Client_04526
R_0452,Client_04527
R_0453,Client_04530
R_0453,Client_04531
R_0453,Client_04532
R_0453,Client_04533
R_0453,Client_04534
R_0453,Client_04535
R_0453,Client_04536
R_0453,Client_04537
R_0454,Client_04540
R_0454,Client_04541
R_0454,Client_04542
R_0454,Client_04543
R_0454,Client_04544
R_0454,Client_04545
R_0454,Client_04546
R_0454,Client_04547
R_0455,Client_04550
R_0455,Client_04551
R_0455,Client_04552
R_0455,Client_04553
R_0455,Client_04554
R_0455,Client_04555
R_0455,Client_04556
R_0455,Client_04557
R_0456,Client_04560
R_0456,Client_04561
R_0456,Client_04562
R_0456,Client_04563
R_0456,Client_04564
R_0456,Client_04565
R_0456,Client_04566
R_0456,Client_04567
R_0457,Client_04570
R_0457,Client_04571
R_0457,Client_04572
R_0457,Client_04573
R_0457,Client_04574
R_0457,Client_04575
R_0457,Client_04576
R_0457,Client_04577
SRouter_045,Server_045
R_0460,Client_04600
R_0460,Client_04601
R_0460,Client_04602
R_0460,Client_04603
R_0460,Client_04604
R_0460,Client_04605
R_0460,Client_04606
R_0460,Client_04607
R_0461,Client_04610
R_0461,Client_04611
R_0461,Client_04612
R_0461,Client_04613
R_0461,Client_04614
R_0461,Client_04615
R_0461,Client_04616
R_0461,Client_04617
R_0462,Client_04620
R_0462,Client_04621
R_0462,Client_04622
R_0462,Client_04623
R_0462,Client_04624
R_0462,Client_04625
R_0462,Client_04626
R_0462,Client_04627
R_0463,Client_04630
R_0463,Client_04631
R_0463,Client_04632
R_0463,Client_04633
R_0463,Client_04634
R_0463,Client_04635
R_0463,Client_04636
R_0463,Client_04637
R_0464,Client_04640
R_0464,Client_04641
R_0464,Client_04642
R_0464,Client_04643
R_0464,Client_04644
R_0464,Client_04645
R_0464,Client_04646
R_0464,Client_04647
R_0465,Client_04650
R_0465,Client_04651
R_0465,Client_04652
R_0465,Client_04653
R_0465,Client_04654
R_0465,Client_04655
R_0465,Client_04656
R_0465,Client_04657
R_0466,Client_04660
R_0466,Client_04661
R_0466,Client_04662
R_0466,Client_04663
R_0466,Client_04664
R_0466,Client_04665
R_0466,Client_04666
R_0466,Client_04667
R_0467,Client_04670
R_0467,Client_04671
R_0467,Client_04672
R_0467,Client_04673
R_0467,Client_04674
R_0467,Client_04675
R_0467,Client_04676
R_0467,Client_04677
SRouter_046,Server_046
R_0470,Client_04700
R_0470,Client_04701
R_0470,Client_04702
R_0470,Client_04703
R_0470,Client_04704
R_0470,Client_04705
R_0470,Client_04706
R_0470,Client_04707
R_0471,Client_04710
R_0471,Client_04711
R_0471,Client_04712
R_0471,Client_04713
R_0471,Client_04714
R_0471,Client_04715
R_0471,Client_04716
R_0471,Client_04717
R_0472,Client_04720
R_0472,Client_04721
R_0472,Client_04722
R_0472,Client_04723
R_0472,Client_04724
R_0472,Client_04725
R_0472,Client_04726
R_0472,Client_04727
R_0473,Client_04730
R_0473,Client_04731
R_0473,Client_04732
R_0473,Client_04733
R_0473,Client_04734
R_0473,Client_04735
R_0473,Client_04736
R_0473,Client_04737
R_0474,Client_04740
R_0474,Client_04741
R_0474,Client_04742
R_0474,Client_04743
R_0474,Client_04744
R_0474,Client_04745
R_0474,Client_04746
R_0474,Client_04747
R_0475,Client_04750
R_0475,Client_04751
R_0475,Client_04752
R_0475,Client_04753
R_0475,Client_04754
R_0475,Client_04755
R_0475,Client_04756
R_0475,Client_04757
R_0476,Client_04760
R_0476,Client_04761
R_0476,Client_04762
R_0476,Client_04763
R_0476,Client_04764
R_0476,Client_04765
R_0476,Client_04766
R_0476,Client_04767
R_0477,Client_04770
R_0477,Client_04771
R_0477,Client_04772
R_0477,Client_04773
R_0477,Client_04774
R_0477,Client_04775
R_0477,Client_04776
R_0477,Client_04777
SRouter_047,Server_047
SRouter_04,Server_04
R_0500,Client_05000
R_0500,Client_05001
R_0500,Client_05002
R_0500,Client_05003
R_0500,Client_05004
R_0500,Client_05005
R_0500,Client_05006
R_0500,Client_05007
R_0501,Client_05010
R_0501,Client_05011
R_0501,Client_05012
R_0501,Client_05013
R_0501,Client_05014
R_0501,Client_05015
R_0501,Client_05016
R_0501,Client_05017
R_0502,Client_05020
R_0502,Client_05021
R_0502,Client_05022
R_0502,Client_05023
R_0502,Client_05024
R_0502,Client_05025
R_0502,Client_05026
R_0502,Client_05027
R_0503,Client_05030
R_0503,Client_05031
R_0503,Client_05032
R_0503,Client_05033
R_0503,Client_05034
R_0503,Client_05035
R_0503,Client_05036
R_0503,Client_05037
R_0504,Client_05040
R_0504,Client_05041
R_0504,Client_05042
R_0504,Client_05043
R_0504,Client_05044
R_0504,Client_05045
R_0504,Client_05046
R_0504,Client_05047
R_0505,Client_05050
R_0505,Client_05051
R_0505,Client_05052
R_0505,Client_05053
R_0505,Client_05054
R_0505,Client_05055
R_0505,Client_05056
R_0505,Client_05057
R_0506,Client_05060
R_0506,Client_05061
R_0506,Client_05062
R_0506,Client_05063
R_0506,Client_05064
R_0506,Client_05065
R_0506,Client_05066
R_0506,Client_05067
R_0507,Client_05070
R_0507,Client_05071
R_0507,Client_05072
R_0507,Client_05073
R_0507,Client_05074
R_0507,Client_05075
R_0507,Client_05076
R_0507,Client_05077
SRouter_050,Server_050
R_0510,Client_05100
R_0510,Client_05101
R_0510,Client_05102
R_0510,Client_05103
R_0510,Client_05104
R_0510,Client_05105
R_0510,Client_05106
R_0510,Client_05107
R_0511,Client_05110
R_0511,Client_05111
R_0511,Client_05112
R_0511,Client_05113
R_0511,Client_05114
R_0511,Client_05115
R_0511,Client_05116
R_0511,Client_05117
R_0512,Client_05120
R_0512,Client_05121
R_0512,Client_05122
R_0512,Client_05123
R_0512,Client_05124
R_0512,Client_05125
R_0512,Client_05126
R_0512,Client_05127
R_0513,Client_05130
R_0513,Client_05131
R_0513,Client_05132
R_0513,Client_05133
R_0513,Client_05134
R_0513,Client_05135
R_0513,Client_05136
R_0513,Client_05137
R_0514,Client_05140
R_0514,Client_05141
R_0514,Client_05142
R_0514,Client_05143
R_0514,Client_05144
R_0514,Client_05145
R_0514,Client_05146
R_0514,Client_05147
R_0515,Client_05150
R_0515,Client_05151
R_0515,Client_05152
R_0515,Client_05153
R_0515,Client_05154
R_0515,Client_05155
R_0515,Client_05156
R_0515,Client_05157
R_0516,Client_05160
R_0516,Client_05161
R_0516,Client_05162
R_0516,Client_05163
R_0516,Client_05164
R_0516,Client_05165
R_0516,Client_05166
R_0516,Client_05167
R_0517,Client_05170
R_0517,Client_05171
R_0517,Client_05172
R_0517,Client_05173
R_0517,Client_05174
R_0517,Client_05175
R_0517,Client_05176
R_0517,Client_05177
SRouter_051,Server_051
R_0520,Client_05200
R_0520,Client_05201
R_0520,Client_05202
R_0520,Client_05203
R_0520,Client_05204
R_0520,Client_05205
R_0520,Client_05206
R_0520,Client_05207
R_0521,Client_05210
R_0521,Client_05211
R_0521,Client_05212
R_0521,Client_05213
R_0521,Client_05214
R_0521,Client_05215
R_0521,Client_05216
R_0521,Client_05217
R_0522,Client_05220
R_0522,Client_05221
R_0522,Client_05222
R_0522,Client_05223
R_0522,Client_05224
R_0522,Client_05225
R_0522,Client_05226
R_0522,Client_05227
R_0523,Client_05230
R_0523,Client_05231
R_0523,Client_05232
R_0523,Client_05233
R_0523,Client_05234
R_0523,Client_05235
R_0523,Client_05236
R_0523,Client_05237
R_0524,Client_05240
R_0524,Client_05241
R_0524,Client_05242
R_0524,Client_05243
R_0524,Client_05244
R_0524,Client_05245
R_0524,Client_05246
R_0524,Client_05247
R_0525,Client_05250
R_0525,Client_05251
R_0525,Client_05252
R_0525,Client_05253
R_0525,Client_05254
R_0525,Client_05255
R_0525,Client_05256
R_0525,Client_05257
R_0526,Client_05260
R_0526,Client_05261
R_0526,Client_05262
R_0526,Client_05263
R_0526,Client_05264
R_0526,Client_05265
R_0526,Client_05266
R_0526,Client_05267
R_0527,Client_05270
R_0527,Client_05271
R_0527,Client_05272
R_0527,Client_05273
R_0527,Client_05274
R_0527,Client_05275
R_0527,Client_05276
R_0527,Client_05277
SRouter_052,Server_052
R_0530,Client_05300
R_0530,Client_05301
R_0530,Client_05302
R_0530,Client_05303
R_0530,Client_05304
R_0530,Client_05305
R_0530,Client_05306
R_0530,Client_05307
R_0531,Client_05310
R_0531,Client_05311
R_0531,Client_05312
R_0531,Client_05313
R_0531,Client_05314
R_0531,Client_05315
R_0531,Client_05316
R_0531,Client_05317
R_0532,Client_05320
R_0532,Client_05321
R_0532,Client_05322
R_0532,Client_05323
R_0532,Client_05324
R_0532,Client_05325
R_0532,Client_05326
R_0532,Client_05327
R_0533,Client_05330
R_0533,Client_05331
R_0533,Client_05332
R_0533,Client_05333
R_0533,Client_05334
R_0533,Client_05335
R_0533,Client_05336
R_0533,Client_05337
R_0534,Client_05340
R_0534,Client_05341
R_0534,Client_05342
R_0534,Client_05343
R_0534,Client_05344
R_0534,Client_05345
R_0534,Client_05346
R_0534,Client_05347
R_0535,Client_05350
R_0535,Client_05351
R_0535,Client_05352
R_0535,Client_05353
R_0535,Client_05354
R_0535,Client_05355
R_0535,Client_05356
R_0535,Client_05357
R_0536,Client_05360
R_0536,Client_05361
R_0536,Client_05362
R_0536,Client_05363
R_0536,Client_05364
R_0536,Client_05365
R_0536,Client_05366
R_0536,Client_05367
R_0537,Client_05370
R_0537,Client_05371
R_0537,Client_05372
R_0537,Client_05373
R_0537,Client_05374
R_0537,Client_05375
R_0537,Client_05376
R_0537,Client_05377
SRouter_053,Server_053
R_0540,Client_05400
R_0540,Client_05401
R_0540,Client_05402
R_0540,Client_05403
R_0540,Client_05404
R_0540,Client_05405
R_0540,Client_05406
R_0540,Client_05407
R_0541,Client_05410
R_0541,Client_05411
R_0541,Client_05412
R_0541,Client_05413
R_0541,Client_05414
R_0541,Client_05415
R_0541,Client_05416
R_0541,Client_05417
R_0542,Client_05420
R_0542,Client_05421
R_0542,Client_05422
R_0542,Client_05423
R_0542,Client_05424
R_0542,Client_05425
R_0542,Client_05426
R_0542,Client_05427
R_0543,Client_05430
R_0543,Client_05431
R_0543,Client_05432
R_0543,Client_05433
R_0543,Client_05434
R_0543,Client_05435
R_0543,Client_05436
R_0543,Client_05437
R_0544,Client_05440
R_0544,Client_05441
R_0544,Client_05442
R_0544,Client_05443
R_0544,Client_05444
R_0544,Client_05445
R_0544,Client_05446
R_0544,Client_05447
R_0545,Client_05450
R_0545,Client_05451
R_0545,Client_05452
R_0545,Client_05453
R_0545,Client_05454
R_0545,Client_05455
R_0545,Client_05456
R_0545,Client_05457
R_0546,Client_05460
R_0546,Client_05461
R_0546,Client_05462
R_0546,Client_05463
R_0546,Client_05464
R_0546,Client_05465
R_0546,Client_05466
R_0546,Client_05467
R_0547,Client_05470
R_0547,Client_05471
R_0547,Client_05472
R_0547,Client_05473
R_0547,Client_05474
R_0547,Client_05475
R_0547,Client_05476
R_0547,Client_05477
SRouter_054,Server_054
R_0550,Client_05500
R_0550,Client_05501
R_0550,Client_05502
R_0550,Client_05503
R_0550,Client_05504
R_0550,Client_05505
R_0550,Client_05506
R_0550,Client_05507
R_0551,Client_05510
R_0551,Client_05511
R_0551,Client_05512
R_0551,Client_05513
R_0551,Client_05514
R_0551,Client_05515
R_0551,Client_05516
R_0551,Client_05517
R_0552,Client_05520
R_0552,Client_05521
R_0552,Client_05522
R_0552,Client_05523
R_0552,Client_05524
R_0552,Client_05525
R_0552,Client_05526
R_0552,Client_05527
R_0553,Client_05530
R_0553,Client_05531
R_0553,Client_05532
R_0553,Client_05533
R_0553,Client_05534
R_0553,Client_05535
R_0553,Client_05536
R_0553,Client_05537
R_0554,Client_05540
R_0554,Client_05541
R_0554,Client_05542
R_0554,Client_05543
R_0554,Client_05544
R_0554,Client_05545
R_0554,Client_05546
R_0554,Client_05547
R_0555,Client_05550
R_0555,Client_05551
R_0555,Client_05552
R_0555,Client_05553
R_0555,Client_05554
R_0555,Client_05555
R_0555,Client_05556
R_0555,Client_05557
R_0556,Client_05560
R_0556,Client_05561
R_0556,Client_05562
R_0556,Client_05563
R_0556,Client_05564
R_0556,Client_05565
R_0556,Client_05566
R_0556,Client_05567
R_0557,Client_05570
R_0557,Client_05571
R_0557,Client_05572
R_0557,Client_05573
R_0557,Client_05574
R_0557,Client_05575
R_0557,Client_05576
R_0557,Client_05577
SRouter_055,Server_055
R_0560,Client_05600
R_0560,Client_05601
R_0560,Client_05602
R_0560,Client_05603
R_0560,Client_05604
R_0560,Client_05605
R_0560,Client_05606
R_0560,Client_05607
R_0561,Client_05610
R_0561,Client_05611
R_0561,Client_05612
R_0561,Client_05613
R_0561,Client_05614
R_0561,Client_05615
R_0561,Client_05616
R_0561,Client_05617
R_0562,Client_05620
R_0562,Client_05621
R_0562,Client_05622
R_0562,Client_05623
R_0562,Client_05624
R_0562,Client_05625
R_0562,Client_05626
R_0562,Client_05627
R_0563,Client_05630
R_0563,Client_05631
R_0563,Client_05632
R_0563,Client_05633
R_0563,Client_05634
R_0563,Client_05635
R_0563,Client_05636
R_0563,Client_05637
R_0564,Client_05640
R_0564,Client_05641
R_0564,Client_05642
R_0564,Client_05643
R_0564,Client_05644
R_0564,Client_05645
R_0564,Client_05646
R_0564,Client_05647
R_0565,Client_05650
R_0565,Client_05651
R_0565,Client_05652
R_0565,Client_05653
R_0565,Client_05654
R_0565,Client_05655
R_0565,Client_05656
R_0565,Client_05657
R_0566,Client_05660
R_0566,Client_05661
R_0566,Client_05662
R_0566,Client_05663
R_0566,Client_05664
R_0566,Client_05665
R_0566,Client_05666
R_0566,Client_05667
R_0567,Client_05670
R_0567,Client_05671
R_0567,Client_05672
R_0567,Client_05673
R_0567,Client_05674
R_0567,Client_05675
R_0567,Client_05676
R_0567,Client_05677
SRouter_056,Server_056
R_0570,Client_05700
R_0570,Client_05701
R_0570,Client_05702
R_0570,Client_05703
R_0570,Client_05704
R_0570,Client_05705
R_0570,Client_05706
R_0570,Client_05707
R_0571,Client_05710
R_0571,Client_05711
R_0571,Client_05712
R_0571,Client_05713
R_0571,Client_05714
R_0571,Client_05715
R_0571,Client_05716
R_0571,Client_05717
R_0572,Client_05720
R_0572,Client_05721
R_0572,Client_05722
R_0572,Client_05723
R_0572,Client_05724
R_0572,Client_05725
R_0572,Client_05726
R_0572,Client_05727
R_0573,Client_05730
R_0573,Client_05731
R_0573,Client_05732
R_0573,Client_05733
R_0573,Client_05734
R_0573,Client_05735
R_0573,Client_05736
R_0573,Client_05737
R_0574,Client_05740
R_0574,Client_05741
R_0574,Client_05742
R_0574,Client_05743
R_0574,Client_05744
R_0574,Client_05745
R_0574,Client_05746
R_0574,Client_05747
R_0575,Client_05750
R_0575,Client_05751
R_0575,Client_05752
R_0575,Client_05753
R_0575,Client_05754
R_0575,Client_05755
R_0575,Client_05756
R_0575,Client_05757
R_0576,Client_05760
R_0576,Client_05761
R_0576,Client_05762
R_0576,Client_05763
R_0576,Client_05764
R_0576,Client_05765
R_0576,Client_05766
R_0576,Client_05767
R_0577,Client_05770
R_0577,Client_05771
R_0577,Client_05772
R_0577,Client_05773
R_0577,Client_05774
R_0577,Client_05775
R_0577,Client_05776
R_0577,Client_05777
SRouter_057,Server_057
SRouter_05,Server_05
R_0600,Client_06000
R_0600,Client_06001
R_0600,Client_06002
R_0600,Client_06003
R_0600,Client_06004
R_0600,Client_06005
R_0600,Client_06006
R_0600,Client_06007
R_0601,Client_06010
R_0601,Client_06011
R_0601,Client_06012
R_0601,Client_06013
R_0601,Client_06014
R_0601,Client_06015
R_0601,Client_06016
R_0601,Client_06017
R_0602,Client_06020
R_0602,Client_06021
R_0602,Client_06022
R_0602,Client_06023
R_0602,Client_06024
R_0602,Client_06025
R_0602,Client_06026
R_0602,Client_06027
R_0603,Client_06030
R_0603,Client_06031
R_0603,Client_06032
R_0603,Client_06033
R_0603,Client_06034
R_0603,Client_06035
R_0603,Client_06036
R_0603,Client_06037
R_0604,Client_06040
R_0604,Client_06041
R_0604,Client_06042
R_0604,Client_06043
R_0604,Client_06044
R_0604,Client_06045
R_0604,Client_06046
R_0604,Client_06047
R_0605,Client_06050
R_0605,Client_06051
R_0605,Client_06052
R_0605,Client_06053
R_0605,Client_06054
R_0605,Client_06055
R_0605,Client_06056
R_0605,Client_06057
R_0606,Client_06060
R_0606,Client_06061
R_0606,Client_06062
R_0606,Client_06063
R_0606,Client_06064
R_0606,Client_06065
R_0606,Client_06066
R_0606,Client_06067
R_0607,Client_06070
R_0607,Client_06071
R_0607,Client_06072
R_0607,Client_06073
R_0607,Client_06074
R_0607,Client_06075
R_0607,Client_06076
R_0607,Client_06077
SRouter_060,Server_060
R_0610,Client_06100
R_0610,Client_06101
R_0610,Client_06102
R_0610,Client_06103
R_0610,Client_06104
R_0610,Client_06105
R_0610,Client_06106
R_0610,Client_06107
R_0611,Client_06110
R_0611,Client_06111
R_0611,Client_06112
R_0611,Client_06113
R_0611,Client_06114
R_0611,Client_06115
R_0611,Client_06116
R_0611,Client_06117
R_0612,Client_06120
R_0612,Client_06121
R_0612,Client_06122
R_0612,Client_06123
R_0612,Client_06124
R_0612,Client_06125
R_0612,Client_06126
R_0612,Client_06127
R_0613,Client_06130
R_0613,Client_06131
R_0613,Client_06132
R_0613,Client_06133
R_0613,Client_06134
R_0613,Client_06135
R_0613,Client_06136
R_0613,Client_06137
R_0614,Client_06140
R_0614,Client_06141
R_0614,Client_06142
R_0614,Client_06143
R_0614,Client_06144
R_0614,Client_06145
R_0614,Client_06146
R_0614,Client_06147
R_0615,Client_06150
R_0615,Client_06151
R_0615,Client_06152
R_0615,Client_06153
R_0615,Client_06154
R_0615,Client_06155
R_0615,Client_06156
R_0615,Client_06157
R_0616,Client_06160
R_0616,Client_06161
R_0616,Client_06162
R_0616,Client_06163
R_0616,Client_06164
R_0616,Client_06165
R_0616,Client_06166
R_0616,Client_06167
R_0617,Client_06170
R_0617,Client_06171
R_0617,Client_06172
R_0617,Client_06173
R_0617,Client_06174
R_0617,Client_06175
R_0617,Client_06176
R_0617,Client_06177
SRouter_061,Server_061
R_0620,Client_06200
R_0620,Client_06201
R_0620,Client_06202
R_0620,Client_06203
R_0620,Client_06204
R_0620,Client_06205
R_0620,Client_06206
R_0620,Client_06207
R_0621,Client_06210
R_0621,Client_06211
R_0621,Client_06212
R_0621,Client_06213
R_0621,Client_06214
R_0621,Client_06215
R_0621,Client_06216
R_0621,Client_06217
R_0622,Client_06220
R_0622,Client_06221
R_0622,Client_06222
R_0622,Client_06223
R_0622,Client_06224
R_0622,Client_06225
R_0622,Client_06226
R_0622,Client_06227
R_0623,Client_06230
R_0623,Client_06231
R_0623,Client_06232
R_0623,Client_06233
R_0623,Client_06234
R_0623,Client_06235
R_0623,Client_06236
R_0623,Client_06237
R_0624,Client_06240
R_0624,Client_06241
R_0624,Client_06242
R_0624,Client_06243
R_0624,Client_06244
R_0624,Client_06245
R_0624,Client_06246
R_0624,Client_06247
R_0625,Client_06250
R_0625,Client_06251
R_0625,Client_06252
R_0625,Client_06253
R_0625,Client_06254
R_0625,Client_06255
R_0625,Client_06256
R_0625,Client_06257
R_0626,Client_06260
R_0626,Client_06261
R_0626,Client_06262
R_0626,Client_06263
R_0626,Client_06264
R_0626,Client_06265
R_0626,Client_06266
R_0626,Client_06267
R_0627,Client_06270
R_0627,Client_06271
R_0627,Client_06272
R_0627,Client_06273
R_0627,Client_06274
R_0627,Client_06275
R_0627,Client_06276
R_0627,Client_06277
SRouter_062,Server_062
R_0630,Client_06300
R_0630,Client_06301
R_0630,Client_06302
R_0630,Client_06303
R_0630,Client_06304
R_0630,Client_06305
R_0630,Client_06306
R_0630,Client_06307
R_0631,Client_06310
R_0631,Client_06311
R_0631,Client_06312
R_0631,Client_06313
R_0631,Client_06314
R_0631,Client_06315
R_0631,Client_06316
R_0631,Client_06317
R_0632,Client_06320
R_0632,Client_06321
R_0632,Client_06322
R_0632,Client_06323
R_0632,Client_06324
R_0632,Client_06325
R_0632,Client_06326
R_0632,Client_06327
R_0633,Client_06330
R_0633,Client_06331
R_0633,Client_06332
R_0633,Client_06333
R_0633,Client_06334
R_0633,Client_06335
R_0633,Client_06336
R_0633,Client_06337
R_0634,Client_06340
R_0634,Client_06341
R_0634,Client_06342
R_0634,Client_06343
R_0634,Client_06344
R_0634,Client_06345
R_0634,Client_06346
R_0634,Client_06347
R_0635,Client_06350
R_0635,Client_06351
R_0635,Client_06352
R_0635,Client_06353
R_0635,Client_06354
R_0635,Client_06355
R_0635,Client_06356
R_0635,Client_06357
R_0636,Client_06360
R_0636,Client_06361
R_0636,Client_06362
R_0636,Client_06363
R_0636,Client_06364
R_0636,Client_06365
R_0636,Client_06366
R_0636,Client_06367
R_0637,Client_06370
R_0637,Client_06371
R_0637,Client_06372
R_0637,Client_06373
R_0637,Client_06374
R_0637,Client_06375
R_0637,Client_06376
R_0637,Client_06377
SRouter_063,Server_063
R_0640,Client_06400
R_0640,Client_06401
R_0640,Client_06402
R_0640,Client_06403
R_0640,Client_06404
R_0640,Client_06405
R_0640,Client_06406
R_0640,Client_06407
R_0641,Client_06410
R_0641,Client_06411
R_0641,Client_06412
R_0641,Client_06413
R_0641,Client_06414
R_0641,Client_06415
R_0641,Client_06416
R_0641,Client_06417
R_0642,Client_06420
R_0642,Client_06421
R_0642,Client_06422
R_0642,Client_06423
R_0642,Client_06424
R_0642,Client_06425
R_0642,Client_06426
R_0642,Client_06427
R_0643,Client_06430
R_0643,Client_06431
R_0643,Client_06432
R_0643,Client_06433
R_0643,Client_06434
R_0643,Client_06435
R_0643,Client_06436
R_0643,Client_06437
R_0644,Client_06440
R_0644,Client_06441
R_0644,Client_06442
R_0644,Client_06443
R_0644,Client_06444
R_0644,Client_06445
R_0644,Client_06446
R_0644,Client_06447
R_0645,Client_06450
R_0645,Client_06451
R_0645,Client_06452
R_0645,Client_06453
R_0645,Client_06454
R_0645,Client_06455
R_0645,Client_06456
R_0645,Client_06457
R_0646,Client_06460
R_0646,Client_06461
R_0646,Client_06462
R_0646,Client_06463
R_0646,Client_06464
R_0646,Client_06465
R_0646,Client_06466
R_0646,Client_06467
R_0647,Client_06470
R_0647,Client_06471
R_0647,Client_06472
R_0647,Client_06473
R_0647,Client_06474
R_0647,Client_06475
R_0647,Client_06476
R_0647,Client_06477
SRouter_064,Server_064
R_0650,Client_06500
R_0650,Client_06501
R_0650,Client_06502
R_0650,Client_06503
R_0650,Client_06504
R_0650,Client_06505
R_0650,Client_06506
R_0650,Client_06507
R_0651,Client_06510
R_0651,Client_06511
R_0651,Client_06512
R_0651,Client_06513
R_0651,Client_06514
R_0651,Client_06515
R_0651,Client_06516
R_0651,Client_06517
R_0652,Client_06520
R_0652,Client_06521
R_0652,Client_06522
R_0652,Client_06523
R_0652,Client_06524
R_0652,Client_06525
R_0652,Client_06526
R_0652,Client_06527
R_0653,Client_06530
R_0653,Client_06531
R_0653,Client_06532
R_0653,Client_06533
R_0653,Client_06534
R_0653,Client_06535
R_0653,Client_06536
R_0653,Client_06537
R_0654,Client_06540
R_0654,Client_06541
R_0654,Client_06542
R_0654,Client_06543
R_0654,Client_06544
R_0654,Client_06545
R_0654,Client_06546
R_0654,Client_06547
R_0655,Client_06550
R_0655,Client_06551
R_0655,Client_06552
R_0655,Client_06553
R_0655,Client_06554
R_0655,Client_06555
R_0655,Client_06556
R_0655,Client_06557
R_0656,Client_06560
R_0656,Client_06561
R_0656,Client_06562
R_0656,Client_06563
R_0656,Client_06564
R_0656,Client_06565
R_0656,Client_06566
R_0656,Client_06567
R_0657,Client_06570
R_0657,Client_06571
R_0657,Client_06572
R_0657,Client_06573
R_0657,Client_06574
R_0657,Client_06575
R_0657,Client_06576
R_0657,Client_06577
SRouter_065,Server_065
R_0660,Client_06600
R_0660,Client_06601
R_0660,Client_06602
R_0660,Client_06603
R_0660,Client_06604
R_0660,Client_06605
R_0660,Client_06606
R_0660,Client_06607
R_0661,Client_06610
R_0661,Client_06611
R_0661,Client_06612
R_0661,Client_06613
R_0661,Client_06614
R_0661,Client_06615
R_0661,Client_06616
R_0661,Client_06617
R_0662,Client_06620
R_0662,Client_06621
R_0662,Client_06622
R_0662,Client_06623
R_0662,Client_06624
R_0662,Client_06625
R_0662,Client_06626
R_0662,Client_06627
R_0663,Client_06630
R_0663,Client_06631
R_0663,Client_06632
R_0663,Client_06633
R_0663,Client_06634
R_0663,Client_06635
R_0663,Client_06636
R_0663,Client_06637
R_0664,Client_06640
R_0664,Client_06641
R_0664,Client_06642
R_0664,Client_06643
R_0664,Client_06644
R_0664,Client_06645
R_0664,Client_06646
R_0664,Client_06647
R_0665,Client_06650
R_0665,Client_06651
R_0665,Client_06652
R_0665,Client_06653
R_0665,Client_06654
R_0665,Client_06655
R_0665,Client_06656
R_0665,Client_06657
R_0666,Client_06660
R_0666,Client_06661
R_0666,Client_06662
R_0666,Client_06663
R_0666,Client_06664
R_0666,Client_06665
R_0666,Client_06666
R_0666,Client_06667
R_0667,Client_06670
R_0667,Client_06671
R_0667,Client_06672
R_0667,Client_06673
R_0667,Client_06674
R_0667,Client_06675
R_0667,Client_06676
R_0667,Client_06677
SRouter_066,Server_066
R_0670,Client_06700
R_0670,Client_06701
R_0670,Client_06702
R_0670,Client_06703
R_0670,Client_06704
R_0670,Client_06705
R_0670,Client_06706
R_0670,Client_06707
R_0671,Client_06710
R_0671,Client_06711
R_0671,Client_06712
R_0671,Client_06713
R_0671,Client_06714
R_0671,Client_06715
R_0671,Client_06716
R_0671,Client_06717
R_0672,Client_06720
R_0672,Client_06721
R_0672,Client_06722
R_0672,Client_06723
R_0672,Client_06724
R_0672,Client_06725
R_0672,Client_06726
R_0672,Client_06727
R_0673,Client_06730
R_0673,Client_06731
R_0673,Client_06732
R_0673,Client_06733
R_0673,Client_06734
R_0673,Client_06735
R_0673,Client_06736
R_0673,Client_06737
R_0674,Client_06740
R_0674,Client_06741
R_0674,Client_06742
R_0674,Client_06743
R_0674,Client_06744
R_0674,Client_06745
R_0674,Client_06746
R_0674,Client_06747
R_0675,Client_06750
R_0675,Client_06751
R_0675,Client_06752
R_0675,Client_06753
R_0675,Client_06754
R_0675,Client_06755
R_0675,Client_06756
R_0675,Client_06757
R_0676,Client_06760
R_0676,Client_06761
R_0676,Client_06762
R_0676,Client_06763
R_0676,Client_06764
R_0676,Client_06765
R_0676,Client_06766
R_0676,Client_06767
R_0677,Client_06770
R_0677,Client_06771
R_0677,Client_06772
R_0677,Client_06773
R_0677,Client_06774
R_0677,Client_06775
R_0677,Client_06776
R_0677,Client_06777
SRouter_067,Server_067
SRouter_06,Server_06
R_0700,Client_07000
R_0700,Client_07001
R_0700,Client_07002
R_0700,Client_07003
R_0700,Client_07004
R_0700,Client_07005
R_0700,Client_07006
R_0700,Client_07007
R_0701,Client_07010
R_0701,Client_07011
R_0701,Client_07012
R_0701,Client_07013
R_0701,Client_07014
R_0701,Client_07015
R_0701,Client_07016
R_0701,Client_07017
R_0702,Client_07020
R_0702,Client_07021
R_0702,Client_07022
R_0702,Client_07023
R_0702,Client_07024
R_0702,Client_07025
R_0702,Client_07026
R_0702,Client_07027
R_0703,Client_07030
R_0703,Client_07031
R_0703,Client_07032
R_0703,Client_07033
R_0703,Client_07034
R_0703,Client_07035
R_0703,Client_07036
R_0703,Client_07037
R_0704,Client_07040
R_0704,Client_07041
R_0704,Client_07042
R_0704,Client_07043
R_0704,Client_07044
R_0704,Client_07045
R_0704,Client_07046
R_0704,Client_07047
R_0705,Client_07050
R_0705,Client_07051
R_0705,Client_07052
R_0705,Client_07053
R_0705,Client_07054
R_0705,Client_07055
R_0705,Client_07056
R_0705,Client_07057
R_0706,Client_07060
R_0706,Client_07061
R_0706,Client_07062
R_0706,Client_07063
R_0706,Client_07064
R_0706,Client_07065
R_0706,Client_07066
R_0706,Client_07067
R_0707,Client_07070
R_0707,Client_07071
R_0707,Client_07072
R_0707,Client_07073
R_0707,Client_07074
R_0707,Client_07075
R_0707,Client_07076
R_0707,Client_07077
SRouter_070,Server_070
R_0710,Client_07100
R_0710,Client_07101
R_0710,Client_07102
R_0710,Client_07103
R_0710,Client_07104
R_0710,Client_07105
R_0710,Client_07106
R_0710,Client_07107
R_0711,Client_07110
R_0711,Client_07111
R_0711,Client_07112
R_0711,Client_07113
R_0711,Client_07114
R_0711,Client_07115
R_0711,Client_07116
R_0711,Client_07117
R_0712,Client_07120
R_0712,Client_07121
R_0712,Client_07122
R_0712,Client_07123
R_0712,Client_07124
R_0712,Client_07125
R_0712,Client_07126
R_0712,Client_07127
R_0713,Client_07130
R_0713,Client_07131
R_0713,Client_07132
R_0713,Client_07133
R_0713,Client_07134
R_0713,Client_07135
R_0713,Client_07136
R_0713,Client_07137
R_0714,Client_07140
R_0714,Client_07141
R_0714,Client_07142
R_0714,Client_07143
R_0714,Client_07144
R_0714,Client_07145
R_0714,Client_07146
R_0714,Client_07147
R_0715,Client_07150
R_0715,Client_07151
R_0715,Client_07152
R_0715,Client_07153
R_0715,Client_07154
R_0715,Client_07155
R_0715,Client_07156
R_0715,Client_07157
R_0716,Client_07160
R_0716,Client_07161
R_0716,Client_07162
R_0716,Client_07163
R_0716,Client_07164
R_0716,Client_07165
R_0716,Client_07166
R_0716,Client_07167
R_0717,Client_07170
R_0717,Client_07171
R_0717,Client_07172
R_0717,Client_07173
R_0717,Client_07174
R_0717,Client_07175
R_0717,Client_07176
R_0717,Client_07177
SRouter_071,Server_071
R_0720,Client_07200
R_0720,Client_07201
R_0720,Client_07202
R_0720,Client_07203
R_0720,Client_07204
R_0720,Client_07205
R_0720,Client_07206
R_0720,Client_07207
R_0721,Client_07210
R_0721,Client_07211
R_0721,Client_07212
R_0721,Client_07213
R_0721,Client_07214
R_0721,Client_07215
R_0721,Client_07216
R_0721,Client_07217
R_0722,Client_07220
R_0722,Client_07221
R_0722,Client_07222
R_0722,Client_07223
R_0722,Client_07224
R_0722,Client_07225
R_0722,Client_07226
R_0722,Client_07227
R_0723,Client_07230
R_0723,Client_07231
R_0723,Client_07232
R_0723,Client_07233
R_0723,Client_07234
R_0723,Client_07235
R_0723,Client_07236
R_0723,Client_07237
R_0724,Client_07240
R_0724,Client_07241
R_0724,Client_07242
R_0724,Client_07243
R_0724,Client_07244
R_0724,Client_07245
R_0724,Client_07246
R_0724,Client_07247
R_0725,Client_07250
R_0725,Client_07251
R_0725,Client_07252
R_0725,Client_07253
R_0725,Client_07254
R_0725,Client_07255
R_0725,Client_07256
R_0725,Client_07257
R_0726,Client_07260
R_0726,Client_07261
R_0726,Client_07262
R_0726,Client_07263
R_0726,Client_07264
R_0726,Client_07265
R_0726,Client_07266
R_0726,Client_07267
R_0727,Client_07270
R_0727,Client_07271
R_0727,Client_07272
R_0727,Client_07273
R_0727,Client_07274
R_0727,Client_07275
R_0727,Client_07276
R_0727,Client_07277
SRouter_072,Server_072
R_0730,Client_07300
R_0730,Client_07301
R_0730,Client_07302
R_0730,Client_07303
R_0730,Client_07304
R_0730,Client_07305
R_0730,Client_07306
R_0730,Client_07307
R_0731,Client_07310
R_0731,Client_07311
R_0731,Client_07312
R_0731,Client_07313
R_0731,Client_07314
R_0731,Client_07315
R_0731,Client_07316
R_0731,Client_07317
R_0732,Client_07320
R_0732,Client_07321
R_0732,Client_07322
R_0732,Client_07323
R_0732,Client_07324
R_0732,Client_07325
R_0732,Client_07326
R_0732,Client_07327
R_0733,Client_07330
R_0733,Client_07331
R_0733,Client_07332
R_0733,Client_07333
R_0733,Client_07334
R_0733,Client_07335
R_0733,Client_07336
R_0733,Client_07337
R_0734,Client_07340
R_0734,Client_07341
R_0734,Client_07342
R_0734,Client_07343
R_0734,Client_07344
R_0734,Client_07345
R_0734,Client_07346
R_0734,Client_07347
R_0735,Client_07350
R_0735,Client_07351
R_0735,Client_07352
R_0735,Client_07353
R_0735,Client_07354
R_0735,Client_07355
R_0735,Client_07356
R_0735,Client_07357
R_0736,Client_07360
R_0736,Client_07361
R_0736,Client_07362
R_0736,Client_07363
R_0736,Client_07364
R_0736,Client_07365
R_0736,Client_07366
R_0736,Client_07367
R_0737,Client_07370
R_0737,Client_07371
R_0737,Client_07372
R_0737,Client_07373
R_0737,Client_07374
R_0737,Client_07375
R_0737,Client_07376
R_0737,Client_07377
SRouter_073,Server_073
R_0740,Client_07400
R_0740,Client_07401
R_0740,Client_07402
R_0740,Client_07403
R_0740,Client_07404
R_0740,Client_07405
R_0740,Client_07406
R_0740,Client_07407
R_0741,Client_07410
R_0741,Client_07411
R_0741,Client_07412
R_0741,Client_07413
R_0741,Client_07414
R_0741,Client_07415
R_0741,Client_07416
R_0741,Client_07417
R_0742,Client_07420
R_0742,Client_07421
R_0742,Client_07422
R_0742,Client_07423
R_0742,Client_07424
R_0742,Client_07425
R_0742,Client_07426
R_0742,Client_07427
R_0743,Client_07430
R_0743,Client_07431
R_0743,Client_07432
R_0743,Client_07433
R_0743,Client_07434
R_0743,Client_07435
R_0743,Client_07436
R_0743,Client_07437
R_0744,Client_07440
R_0744,Client_07441
R_0744,Client_07442
R_0744,Client_07443
R_0744,Client_07444
R_0744,Client_07445
R_0744,Client_07446
R_0744,Client_07447
R_0745,Client_07450
R_0745,Client_07451
R_0745,Client_07452
R_0745,Client_07453
R_0745,Client_07454
R_0745,Client_07455
R_0745,Client_07456
R_0745,Client_07457
R_0746,Client_07460
R_0746,Client_07461
R_0746,Client_07462
R_0746,Client_07463
R_0746,Client_07464
R_0746,Client_07465
R_0746,Client_07466
R_0746,Client_07467
R_0747,Client_07470
R_0747,Client_07471
R_0747,Client_07472
R_0747,Client_07473
R_0747,Client_07474
R_0747,Client_07475
R_0747,Client_07476
R_0747,Client_07477
SRouter_074,Server_074
R_0750,Client_07500
R_0750,Client_07501
R_0750,Client_07502
R_0750,Client_07503
R_0750,Client_07504
R_0750,Client_07505
R_0750,Client_07506
R_0750,Client_07507
R_0751,Client_07510
R_0751,Client_07511
R_0751,Client_07512
R_0751,Client_07513
R_0751,Client_07514
R_0751,Client_07515
R_0751,Client_07516
R_0751,Client_07517
R_0752,Client_07520
R_0752,Client_07521
R_0752,Client_07522
R_0752,Client_07523
R_0752,Client_07524
R_0752,Client_07525
R_0752,Client_07526
R_0752,Client_07527
R_0753,Client_07530
R_0753,Client_07531
R_0753,Client_07532
R_0753,Client_07533
R_0753,Client_07534
R_0753,Client_07535
R_0753,Client_07536
R_0753,Client_07537
R_0754,Client_07540
R_0754,Client_07541
R_0754,Client_07542
R_0754,Client_07543
R_0754,Client_07544
R_0754,Client_07545
R_0754,Client_07546
R_0754,Client_07547
R_0755,Client_07550
R_0755,Client_07551
R_0755,Client_07552
R_0755,Client_07553
R_0755,Client_07554
R_0755,Client_07555
R_0755,Client_07556
R_0755,Client_07557
R_0756,Client_07560
R_0756,Client_07561
R_0756,Client_07562
R_0756,Client_07563
R_0756,Client_07564
R_0756,Client_07565
R_0756,Client_07566
R_0756,Client_07567
R_0757,Client_07570
R_0757,Client_07571
R_0757,Client_07572
R_0757,Client_07573
R_0757,Client_07574
R_0757,Client_07575
R_0757,Client_07576
R_0757,Client_07577
SRouter_075,Server_075
R_0760,Client_07600
R_0760,Client_07601
R_0760,Client_07602
R_0760,Client_07603
R_0760,Client_07604
R_0760,Client_07605
R_0760,Client_07606
R_0760,Client_07607
R_0761,Client_07610
R_0761,Client_07611
R_0761,Client_07612
R_0761,Client_07613
R_0761,Client_07614
R_0761,Client_07615
R_0761,Client_07616
R_0761,Client_07617
R_0762,Client_07620
R_0762,Client_07621
R_0762,Client_07622
R_0762,Client_07623
R_0762,Client_07624
R_0762,Client_07625
R_0762,Client_07626
R_0762,Client_07627
R_0763,Client_07630
R_0763,Client_07631
R_0763,Client_07632
R_0763,Client_07633
R_0763,Client_07634
R_0763,Client_07635
R_0763,Client_07636
R_0763,Client_07637
R_0764,Client_07640
R_0764,Client_07641
R_0764,Client_07642
R_0764,Client_07643
R_0764,Client_07644
R_0764,Client_07645
R_0764,Client_07646
R_0764,Client_07647
R_0765,Client_07650
R_0765,Client_07651
R_0765,Client_07652
R_0765,Client_07653
R_0765,Client_07654
R_0765,Client_07655
R_0765,Client_07656
R_0765,Client_07657
R_0766,Client_07660
R_0766,Client_07661
R_0766,Client_07662
R_0766,Client_07663
R_0766,Client_07664
R_0766,Client_07665
R_0766,Client_07666
R_0766,Client_07667
R_0767,Client_07670
R_0767,Client_07671
R_0767,Client_07672
R_0767,Client_07673
R_0767,Client_07674
R_0767,Client_07675
R_0767,Client_07676
R_0767,Client_07677
SRouter_076,Server_076
R_0770,Client_07700
R_0770,Client_07701
R_0770,Client_07702
R_0770,Client_07703
R_0770,Client_07704
R_0770,Client_07705
R_0770,Client_07706
R_0770,Client_07707
R_0771,Client_07710
R_0771,Client_07711
R_0771,Client_07712
R_0771,Client_07713
R_0771,Client_07714
R_0771,Client_07715
R_0771,Client_07716
R_0771,Client_07717
R_0772,Client_07720
R_0772,Client_07721
R_0772,Client_07722
R_0772,Client_07723
R_0772,Client_07724
R_0772,Client_07725
R_0772,Client_07726
R_0772,Client_07727
R_0773,Client_07730
R_0773,Client_07731
R_0773,Client_07732
R_0773,Client_07733
R_0773,Client_07734
R_0773,Client_07735
R_0773,Client_07736
R_0773,Client_07737
R_0774,Client_07740
R_0774,Client_07741
R_0774,Client_07742
R_0774,Client_07743
R_0774,Client_07744
R_0774,Client_07745
R_0774,Client_07746
R_0774,Client_07747
R_0775,Client_07750
R_0775,Client_07751
R_0775,Client_07752
R_0775,Client_07753
R_0775,Client_07754
R_0775,Client_07755
R_0775,Client_07756
R_0775,Client_07757
R_0776,Client_07760
R_0776,Client_07761
R_0776,Client_07762
R_0776,Client_07763
R_0776,Client_07764
R_0776,Client_07765
R_0776,Client_07766
R_0776,Client_07767
R_0777,Client_07770
R_0777,Client_07771
R_0777,Client_07772
R_0777,Client_07773
R_0777,Client_07774
R_0777,Client_07775
R_0777,Client_07776
R_0777,Client_07777
SRouter_077,Server_077
SRouter_07,Server_07
SRouter_0,Server_0
SRouter_000,R_000
R_0000,R_000
R_0001,R_000
R_0002,R_000
R_0003,R_000
R_0004,R_000
R_0005,R_000
R_0006,R_000
R_0007,R_000
SRouter_001,R_001
R_0010,R_001
R_0011,R_001
R_0012,R_001
R_0013,R_001
R_0014,R_001
R_0015,R_001
R_0016,R_001
R_0017,R_001
SRouter_002,R_002
R_0020,R_002
R_0021,R_002
R_0022,R_002
R_0023,R_002
R_0024,R_002
R_0025,R_002
R_0026,R_002
R_0027,R_002
SRouter_003,R_003
R_0030,R_003
R_0031,R_003
R_0032,R_003
R_0033,R_003
R_0034,R_003
R_0035,R_003
R_0036,R_003
R_0037,R_003
SRouter_004,R_004
R_0040,R_004
R_0041,R_004
R_0042,R_004
R_0043,R_004
R_0044,R_004
R_0045,R_004
R_0046,R_004
R_0047,R_004
SRouter_005,R_005
R_0050,R_005
R_0051,R_005
R_0052,R_005
R_0053,R_005
R_0054,R_005
R_0055,R_005
R_0056,R_005
R_0057,R_005
SRouter_006,R_006
R_0060,R_006
R_0061,R_006
R_0062,R_006
R_0063,R_006
R_0064,R_006
R_0065,R_006
R_0066,R_006
R_0067,R_006
SRouter_007,R_007
R_0070,R_007
R_0071,R_007
R_0072,R_007
R_0073,R_007
R_0074,R_007
R_0075,R_007
R_0076,R_007
R_0077,R_007
SRouter_00,R_00
R_000,R_00
R_001,R_00
R_002,R_00
R_003,R_00
R_004,R_00
R_005,R_00
R_006,R_00
R_007,R_00
SRouter_010,R_010
R_0100,R_010
R_0101,R_010
R_0102,R_010
R_0103,R_010
R_0104,R_010
R_0105,R_010
R_0106,R_010
R_0107,R_010
SRouter_011,R_011
R_0110,R_011
R_0111,R_011
R_0112,R_011
R_0113,R_011
R_0114,R_011
R_0115,R_011
R_0116,R_011
R_0117,R_011
SRouter_012,R_012
R_0120,R_012
R_0121,R_012
R_0122,R_012
R_0123,R_012
R_0124,R_012
R_0125,R_012
R_0126,R_012
R_0127,R_012
SRouter_013,R_013
R_0130,R_013
R_0131,R_013
R_0132,R_013
R_0133,R_013
R_0134,R_013
R_0135,R_013
R_0136,R_013
R_0137,R_013
SRouter_014,R_014
R_0140,R_014
R_0141,R_014
R_0142,R_014
R_0143,R_014
R_0144,R_014
R_0145,R_014
R_0146,R_014
R_0147,R_014
SRouter_015,R_015
R_0150,R_015
R_0151,R_015
R_0152,R_015
R_0153,R_015
R_0154,R_015
R_0155,R_015
R_0156,R_015
R_0157,R_015
SRouter_016,R_016
R_0160,R_016
R_0161,R_016
R_0162,R_016
R_0163,R_016
R_0164,R_016
R_0165,R_016
R_0166,R_016
R_0167,R_016
SRouter_017,R_017
R_0170,R_017
R_0171,R_017
R_0172,R_017
R_0173,R_017
R_0174,R_017
R_0175,R_017
R_0176,R_017
R_0177,R_017
SRouter_01,R_01
R_010,R_01
R_011,R_01
R_012,R_01
R_013,R_01
R_014,R_01
R_015,R_01
R_016,R_01
R_017,R_01
SRouter_020,R_020
R_0200,R_020
R_0201,R_020
R_0202,R_020
R_0203,R_020
R_0204,R_020
R_0205,R_020
R_0206,R_020
R_0207,R_020
SRouter_021,R_021
R_0210,R_021
R_0211,R_021
R_0212,R_021
R_0213,R_021
R_0214,R_021
R_0215,R_021
R_0216,R_021
R_0217,R_021
SRouter_022,R_022
R_0220,R_022
R_0221,R_022
R_0222,R_022
R_0223,R_022
R_0224,R_022
R_0225,R_022
R_0226,R_022
R_0227,R_022
SRouter_023,R_023
R_0230,R_023
R_0231,R_023
R_0232,R_023
R_0233,R_023
R_0234,R_023
R_0235,R_023
R_0236,R_023
R_0237,R_023
SRouter_024,R_024
R_0240,R_024
R_0241,R_024
R_0242,R_024
R_0243,R_024
R_0244,R_024
R_0245,R_024
R_0246,R_024
R_0247,R_024
SRouter_025,R_025
R_0250,R_025
R_0251,R_025
R_0252,R_025
R_0253,R_025
R_0254,R_025
R_0255,R_025
R_0256,R_025
R_0257,R_025
SRouter_026,R_026
R_0260,R_026
R_0261,R_026
R_0262,R_026
R_0263,R_026
R_0264,R_026
R_0265,R_026
R_0266,R_026
R_0267,R_026
SRouter_027,R_027
R_0270,R_027
R_0271,R_027
R_0272,R_027
R_0273,R_027
R_0274,R_027
R_0275,R_027
R_0276,R_027
R_0277,R_027
SRouter_02,R_02
R_020,R_02
R_021,R_02
R_022,R_02
R_023,R_02
R_024,R_02
R_025,R_02
R_026,R_02
R_027,R_02
SRouter_030,R_030
R_0300,R_030
R_0301,R_030
R_0302,R_030
R_0303,R_030
R_0304,R_030
R_0305,R_030
R_0306,R_030
R_0307,R_030
SRouter_031,R_031
R_0310,R_031
R_0311,R_031
R_0312,R_031
R_0313,R_031
R_0314,R_031
R_0315,R_031
R_0316,R_031
R_0317,R_031
SRouter_032,R_032
R_0320,R_032
R_0321,R_032
R_0322,R_032
R_0323,R_032
R_0324,R_032
R_0325,R_032
R_0326,R_032
R_0327,R_032
SRouter_033,R_033
R_0330,R_033
R_0331,R_033
R_0332,R_033
R_0333,R_033
R_0334,R_033
R_0335,R_033
R_0336,R_033
R_0337,R_033
SRouter_034,R_034
R_0340,R_034
R_0341,R_034
R_0342,R_034
R_0343,R_034
R_0344,R_034
R_0345,R_034
R_0346,R_034
R_0347,R_034
SRouter_035,R_035
R_0350,R_035
R_0351,R_035
R_0352,R_035
R_0353,R_035
R_0354,R_035
R_0355,R_035
R_0356,R_035
R_0357,R_035
SRouter_036,R_036
R_0360,R_036
R_0361,R_036
R_0362,R_036
R_0363,R_036
R_0364,R_036
R_0365,R_036
R_0366,R_036
R_0367,R_036
SRouter_037,R_037
R_0370,R_037
R_0371,R_037
R_0372,R_037
R_0373,R_037
R_0374,R_037
R_0375,R_037
R_0376,R_037
R_0377,R_037
SRouter_03,R_03
R_030,R_03
R_031,R_03
R_032,R_03
R_033,R_03
R_034,R_03
R_035,R_03
R_036,R_03
R_037,R_03
SRouter_040,R_040
R_0400,R_040
R_0401,R_040
R_0402,R_040
R_0403,R_040
R_0404,R_040
R_0405,R_040
R_0406,R_040
R_0407,R_040
SRouter_041,R_041
R_0410,R_041
R_0411,R_041
R_0412,R_041
R_0413,R_041
R_0414,R_041
R_0415,R_041
R_0416,R_041
R_0417,R_041
SRouter_042,R_042
R_0420,R_042
R_0421,R_042
R_0422,R_042
R_0423,R_042
R_0424,R_042
R_0425,R_042
R_0426,R_042
R_0427,R_042
SRouter_043,R_043
R_0430,R_043
R_0431,R_043
R_0432,R_043
R_0433,R_043
R_0434,R_043
R_0435,R_043
R_0436,R_043
R_0437,R_043
SRouter_044,R_044
R_0440,R_044
R_0441,R_044
R_0442,R_044
R_0443,R_044
R_0444,R_044
R_0445,R_044
R_0446,R_044
R_0447,R_044
SRouter_045,R_045
R_0450,R_045
R_0451,R_045
R_0452,R_045
R_0453,R_045
R_0454,R_045
R_0455,R_045
R_0456,R_045
R_0457,R_045
SRouter_046,R_046
R_0460,R_046
R_0461,R_046
R_0462,R_046
R_0463,R_046
R_0464,R_046
R_0465,R_046
R_0466,R_046
R_0467,R_046
SRouter_047,R_047
R_0470,R_047
R_0471,R_047
R_0472,R_047
R_0473,R_047
R_0474,R_047
R_0475,R_047
R_0476,R_047
R_0477,R_047
SRouter_04,R_04
R_040,R_04
R_041,R_04
R_042,R_04
R_043,R_04
R_044,R_04
R_045,R_04
R_046,R_04
R_047,R_04
SRouter_050,R_050
R_0500,R_050
R_0501,R_050
R_0502,R_050
R_0503,R_050
R_0504,R_050
R_0505,R_050
R_0506,R_050
R_0507,R_050
SRouter_051,R_051
R_0510,R_051
R_0511,R_051
R_0512,R_051
R_0513,R_051
R_0514,R_051
R_0515,R_051
R_0516,R_051
R_0517,R_051
SRouter_052,R_052
R_0520,R_052
R_0521,R_052
R_0522,R_052
R_0523,R_052
R_0524,R_052
R_0525,R_052
R_0526,R_052
R_0527,R_052
SRouter_053,R_053
R_0530,R_053
R_0531,R_053
R_0532,R_053
R_0533,R_053
R_0534,R_053
R_0535,R_053
R_0536,R_053
R_0537,R_053
SRouter_054,R_054
R_0540,R_054
R_0541,R_054
R_0542,R_054
R_0543,R_054
R_0544,R_054
R_0545,R_054
R_0546,R_054
R_0547,R_054
SRouter_055,R_055
R_0550,R_055
R_0551,R_055
R_0552,R_055
R_0553,R_055
R_0554,R_055
R_0555,R_055
R_0556,R_055
R_0557,R_055
SRouter_056,R_056
R_0560,R_056
R_0561,R_056
R_0562,R_056
R_0563,R_056
R_0564,R_056
R_0565,R_056
R_0566,R_056
R_0567,R_056
SRouter_057,R_057
R_0570,R_057
R_0571,R_057
R_0572,R_057
R_0573,R_057
R_0574,R_057
R_0575,R_057
R_0576,R_057
R_0577,R_057
SRouter_05,R_05
R_050,R_05
R_051,R_05
R_052,R_05
R_053,R_05
R_054,R_05
R_055,R_05
R_056,R_05
R_057,R_05
SRouter_060,R_060
R_0600,R_060
R_0601,R_060
R_0602,R_060
R_0603,R_060
R_0604,R_060
R_0605,R_060
R_0606,R_060
R_0607,R_060
SRouter_061,R_061
R_0610,R_061
R_0611,R_061
R_0612,R_061
R_0613,R_061
R_0614,R_061
R_0615,R_061
R_0616,R_061
R_0617,R_061
SRouter_062,R_062
R_0620,R_062
R_0621,R_062
R_0622,R_062
R_0623,R_062
R_0624,R_062
R_0625,R_062
R_0626,R_062
R_0627,R_062
SRouter_063,R_063
R_0630,R_063
R_0631,R_063
R_0632,R_063
R_0633,R_063
R_0634,R_063
R_0635,R_063
R_0636,R_063
R_0637,R_063
SRouter_064,R_064
R_0640,R_064
R_0641,R_064
R_0642,R_064
R_0643,R_064
R_0644,R_064
R_0645,R_064
R_0646,R_064
R_0647,R_064
SRouter_065,R_065
R_0650,R_065
R_0651,R_065
R_0652,R_065
R_0653,R_065
R_0654,R_065
R_0655,R_065
R_0656,R_065
R_0657,R_065
SRouter_066,R_066
R_0660,R_066
R_0661,R_066
R_0662,R_066
R_0663,R_066
R_0664,R_066
R_0665,R_066
R_0666,R_066
R_0667,R_066
SRouter_067,R_067
R_0670,R_067
R_0671,R_067
R_0672,R_067
R_0673,R_067
R_0674,R_067
R_0675,R_067
R_0676,R_067
R_0677,R_067
SRouter_06,R_06
R_060,R_06
R_061,R_06
R_062,R_06
R_063,R_06
R_064,R_06
R_065,R_06
R_066,R_06
R_067,R_06
SRouter_070,R_070
R_0700,R_070
R_0701,R_070
R_0702,R_070
R_0703,R_070
R_0704,R_070
R_0705,R_070
R_0706,R_070
R_0707,R_070
SRouter_071,R_071
R_0710,R_071
R_0711,R_071
R_0712,R_071
R_0713,R_071
R_0714,R_071
R_0715,R_071
R_0716,R_071
R_0717,R_071
SRouter_072,R_072
R_0720,R_072
R_0721,R_072
R_0722,R_072
R_0723,R_072
R_0724,R_072
R_0725,R_072
R_0726,R_072
R_0727,R_072
SRouter_073,R_073
R_0730,R_073
R_0731,R_073
R_0732,R_073
R_0733,R_073
R_0734,R_073
R_0735,R_073
R_0736,R_073
R_0737,R_073
SRouter_074,R_074
R_0740,R_074
R_0741,R_074
R_0742,R_074
R_0743,R_074
R_0744,R_074
R_0745,R_074
R_0746,R_074
R_0747,R_074
SRouter_075,R_075
R_0750,R_075
R_0751,R_075
R_0752,R_075
R_0753,R_075
R_0754,R_075
R_0755,R_075
R_0756,R_075
R_0757,R_075
SRouter_076,R_076
R_0760,R_076
R_0761,R_076
R_0762,R_076
R_0763,R_076
R_0764,R_076
R_0765,R_076
R_0766,R_076
R_0767,R_076
SRouter_077,R_077
R_0770,R_077
R_0771,R_077
R_0772,R_077
R_0773,R_077
R_0774,R_077
R_0775,R_077
R_0776,R_077
R_0777,R_077
SRouter_07,R_07
R_070,R_07
R_071,R_07
R_072,R_07
R_073,R_07
R_074,R_07
R_075,R_07
R_076,R_07
R_077,R_07
SRouter_0,R_0
R_00,R_0
R_01,R_0
R_02,R_0
R_03,R_0
R_04,R_0
R_05,R_0
R_06,R_0
R_07,R_0
