ServerAcessLink_000,5E8
BBServer_000,2E8
ServerAcessLink_001,5E8
BBServer_001,2E8
ServerAcessLink_002,5E8
BBServer_002,2E8
ServerAcessLink_003,5E8
BBServer_003,2E8
ServerAcessLink_004,5E8
BBServer_004,2E8
ServerAcessLink_005,5E8
BBServer_005,2E8
ServerAcessLink_006,5E8
BBServer_006,2E8
ServerAcessLink_007,5E8
BBServer_007,2E8
ServerAcessLink_008,5E8
BBServer_008,2E8
ServerAcessLink_009,5E8
BBServer_009,2E8
ServerAcessLink_00A,5E8
BBServer_00A,2E8
ServerAcessLink_00B,5E8
BBServer_00B,2E8
ServerAcessLink_00C,5E8
BBServer_00C,2E8
ServerAcessLink_00D,5E8
BBServer_00D,2E8
ServerAcessLink_00E,5E8
BBServer_00E,2E8
ServerAcessLink_00F,5E8
BBServer_00F,2E8
ServerAcessLink_00G,5E8
BBServer_00G,2E8
ServerAcessLink_00H,5E8
BBServer_00H,2E8
ServerAcessLink_00I,5E8
BBServer_00I,2E8
ServerAcessLink_00J,5E8
BBServer_00J,2E8
ServerAcessLink_00K,5E8
BBServer_00K,2E8
ServerAcessLink_00L,5E8
BBServer_00L,2E8
ServerAcessLink_00M,5E8
BBServer_00M,2E8
ServerAcessLink_00N,5E8
BBServer_00N,2E8
ServerAcessLink_00O,5E8
BBServer_00O,2E8
ServerAcessLink_00P,5E8
BBServer_00P,2E8
ServerAcessLink_00Q,5E8
BBServer_00Q,2E8
ServerAcessLink_00R,5E8
BBServer_00R,2E8
ServerAcessLink_00S,5E8
BBServer_00S,2E8
ServerAcessLink_00T,5E8
BBServer_00T,2E8
ServerAcessLink_00U,5E8
BBServer_00U,2E8
ServerAcessLink_00V,5E8
BBServer_00V,2E8
BB_000,2E8
BB_001,2E8
BB_002,2E8
BB_003,2E8
BB_004,2E8
BB_005,2E8
BB_006,2E8
BB_007,2E8
BB_008,2E8
BB_009,2E8
BB_00A,2E8
BB_00B,2E8
BB_00C,2E8
BB_00D,2E8
BB_00E,2E8
BB_00F,2E8
BB_00G,2E8
BB_00H,2E8
BB_00I,2E8
BB_00J,2E8
BB_00K,2E8
BB_00L,2E8
BB_00M,2E8
BB_00N,2E8
BB_00O,2E8
BB_00P,2E8
BB_00Q,2E8
BB_00R,2E8
BB_00S,2E8
BB_00T,2E8
BB_00U,2E8
BB_00V,2E8
ServerAcessLink_010,5E8
BBServer_010,2E8
ServerAcessLink_011,5E8
BBServer_011,2E8
ServerAcessLink_012,5E8
BBServer_012,2E8
ServerAcessLink_013,5E8
BBServer_013,2E8
ServerAcessLink_014,5E8
BBServer_014,2E8
ServerAcessLink_015,5E8
BBServer_015,2E8
ServerAcessLink_016,5E8
BBServer_016,2E8
ServerAcessLink_017,5E8
BBServer_017,2E8
ServerAcessLink_018,5E8
BBServer_018,2E8
ServerAcessLink_019,5E8
BBServer_019,2E8
ServerAcessLink_01A,5E8
BBServer_01A,2E8
ServerAcessLink_01B,5E8
BBServer_01B,2E8
ServerAcessLink_01C,5E8
BBServer_01C,2E8
ServerAcessLink_01D,5E8
BBServer_01D,2E8
ServerAcessLink_01E,5E8
BBServer_01E,2E8
ServerAcessLink_01F,5E8
BBServer_01F,2E8
ServerAcessLink_01G,5E8
BBServer_01G,2E8
ServerAcessLink_01H,5E8
BBServer_01H,2E8
ServerAcessLink_01I,5E8
BBServer_01I,2E8
ServerAcessLink_01J,5E8
BBServer_01J,2E8
ServerAcessLink_01K,5E8
BBServer_01K,2E8
ServerAcessLink_01L,5E8
BBServer_01L,2E8
ServerAcessLink_01M,5E8
BBServer_01M,2E8
ServerAcessLink_01N,5E8
BBServer_01N,2E8
ServerAcessLink_01O,5E8
BBServer_01O,2E8
ServerAcessLink_01P,5E8
BBServer_01P,2E8
ServerAcessLink_01Q,5E8
BBServer_01Q,2E8
ServerAcessLink_01R,5E8
BBServer_01R,2E8
ServerAcessLink_01S,5E8
BBServer_01S,2E8
ServerAcessLink_01T,5E8
BBServer_01T,2E8
ServerAcessLink_01U,5E8
BBServer_01U,2E8
ServerAcessLink_01V,5E8
BBServer_01V,2E8
BB_010,2E8
BB_011,2E8
BB_012,2E8
BB_013,2E8
BB_014,2E8
BB_015,2E8
BB_016,2E8
BB_017,2E8
BB_018,2E8
BB_019,2E8
BB_01A,2E8
BB_01B,2E8
BB_01C,2E8
BB_01D,2E8
BB_01E,2E8
BB_01F,2E8
BB_01G,2E8
BB_01H,2E8
BB_01I,2E8
BB_01J,2E8
BB_01K,2E8
BB_01L,2E8
BB_01M,2E8
BB_01N,2E8
BB_01O,2E8
BB_01P,2E8
BB_01Q,2E8
BB_01R,2E8
BB_01S,2E8
BB_01T,2E8
BB_01U,2E8
BB_01V,2E8
ServerAcessLink_020,5E8
BBServer_020,2E8
ServerAcessLink_021,5E8
BBServer_021,2E8
ServerAcessLink_022,5E8
BBServer_022,2E8
ServerAcessLink_023,5E8
BBServer_023,2E8
ServerAcessLink_024,5E8
BBServer_024,2E8
ServerAcessLink_025,5E8
BBServer_025,2E8
ServerAcessLink_026,5E8
BBServer_026,2E8
ServerAcessLink_027,5E8
BBServer_027,2E8
ServerAcessLink_028,5E8
BBServer_028,2E8
ServerAcessLink_029,5E8
BBServer_029,2E8
ServerAcessLink_02A,5E8
BBServer_02A,2E8
ServerAcessLink_02B,5E8
BBServer_02B,2E8
ServerAcessLink_02C,5E8
BBServer_02C,2E8
ServerAcessLink_02D,5E8
BBServer_02D,2E8
ServerAcessLink_02E,5E8
BBServer_02E,2E8
ServerAcessLink_02F,5E8
BBServer_02F,2E8
ServerAcessLink_02G,5E8
BBServer_02G,2E8
ServerAcessLink_02H,5E8
BBServer_02H,2E8
ServerAcessLink_02I,5E8
BBServer_02I,2E8
ServerAcessLink_02J,5E8
BBServer_02J,2E8
ServerAcessLink_02K,5E8
BBServer_02K,2E8
ServerAcessLink_02L,5E8
BBServer_02L,2E8
ServerAcessLink_02M,5E8
BBServer_02M,2E8
ServerAcessLink_02N,5E8
BBServer_02N,2E8
ServerAcessLink_02O,5E8
BBServer_02O,2E8
ServerAcessLink_02P,5E8
BBServer_02P,2E8
ServerAcessLink_02Q,5E8
BBServer_02Q,2E8
ServerAcessLink_02R,5E8
BBServer_02R,2E8
ServerAcessLink_02S,5E8
BBServer_02S,2E8
ServerAcessLink_02T,5E8
BBServer_02T,2E8
ServerAcessLink_02U,5E8
BBServer_02U,2E8
ServerAcessLink_02V,5E8
BBServer_02V,2E8
BB_020,2E8
BB_021,2E8
BB_022,2E8
BB_023,2E8
BB_024,2E8
BB_025,2E8
BB_026,2E8
BB_027,2E8
BB_028,2E8
BB_029,2E8
BB_02A,2E8
BB_02B,2E8
BB_02C,2E8
BB_02D,2E8
BB_02E,2E8
BB_02F,2E8
BB_02G,2E8
BB_02H,2E8
BB_02I,2E8
BB_02J,2E8
BB_02K,2E8
BB_02L,2E8
BB_02M,2E8
BB_02N,2E8
BB_02O,2E8
BB_02P,2E8
BB_02Q,2E8
BB_02R,2E8
BB_02S,2E8
BB_02T,2E8
BB_02U,2E8
BB_02V,2E8
ServerAcessLink_030,5E8
BBServer_030,2E8
ServerAcessLink_031,5E8
BBServer_031,2E8
ServerAcessLink_032,5E8
BBServer_032,2E8
ServerAcessLink_033,5E8
BBServer_033,2E8
ServerAcessLink_034,5E8
BBServer_034,2E8
ServerAcessLink_035,5E8
BBServer_035,2E8
ServerAcessLink_036,5E8
BBServer_036,2E8
ServerAcessLink_037,5E8
BBServer_037,2E8
ServerAcessLink_038,5E8
BBServer_038,2E8
ServerAcessLink_039,5E8
BBServer_039,2E8
ServerAcessLink_03A,5E8
BBServer_03A,2E8
ServerAcessLink_03B,5E8
BBServer_03B,2E8
ServerAcessLink_03C,5E8
BBServer_03C,2E8
ServerAcessLink_03D,5E8
BBServer_03D,2E8
ServerAcessLink_03E,5E8
BBServer_03E,2E8
ServerAcessLink_03F,5E8
BBServer_03F,2E8
ServerAcessLink_03G,5E8
BBServer_03G,2E8
ServerAcessLink_03H,5E8
BBServer_03H,2E8
ServerAcessLink_03I,5E8
BBServer_03I,2E8
ServerAcessLink_03J,5E8
BBServer_03J,2E8
ServerAcessLink_03K,5E8
BBServer_03K,2E8
ServerAcessLink_03L,5E8
BBServer_03L,2E8
ServerAcessLink_03M,5E8
BBServer_03M,2E8
ServerAcessLink_03N,5E8
BBServer_03N,2E8
ServerAcessLink_03O,5E8
BBServer_03O,2E8
ServerAcessLink_03P,5E8
BBServer_03P,2E8
ServerAcessLink_03Q,5E8
BBServer_03Q,2E8
ServerAcessLink_03R,5E8
BBServer_03R,2E8
ServerAcessLink_03S,5E8
BBServer_03S,2E8
ServerAcessLink_03T,5E8
BBServer_03T,2E8
ServerAcessLink_03U,5E8
BBServer_03U,2E8
ServerAcessLink_03V,5E8
BBServer_03V,2E8
BB_030,2E8
BB_031,2E8
BB_032,2E8
BB_033,2E8
BB_034,2E8
BB_035,2E8
BB_036,2E8
BB_037,2E8
BB_038,2E8
BB_039,2E8
BB_03A,2E8
BB_03B,2E8
BB_03C,2E8
BB_03D,2E8
BB_03E,2E8
BB_03F,2E8
BB_03G,2E8
BB_03H,2E8
BB_03I,2E8
BB_03J,2E8
BB_03K,2E8
BB_03L,2E8
BB_03M,2E8
BB_03N,2E8
BB_03O,2E8
BB_03P,2E8
BB_03Q,2E8
BB_03R,2E8
BB_03S,2E8
BB_03T,2E8
BB_03U,2E8
BB_03V,2E8
ServerAcessLink_040,5E8
BBServer_040,2E8
ServerAcessLink_041,5E8
BBServer_041,2E8
ServerAcessLink_042,5E8
BBServer_042,2E8
ServerAcessLink_043,5E8
BBServer_043,2E8
ServerAcessLink_044,5E8
BBServer_044,2E8
ServerAcessLink_045,5E8
BBServer_045,2E8
ServerAcessLink_046,5E8
BBServer_046,2E8
ServerAcessLink_047,5E8
BBServer_047,2E8
ServerAcessLink_048,5E8
BBServer_048,2E8
ServerAcessLink_049,5E8
BBServer_049,2E8
ServerAcessLink_04A,5E8
BBServer_04A,2E8
ServerAcessLink_04B,5E8
BBServer_04B,2E8
ServerAcessLink_04C,5E8
BBServer_04C,2E8
ServerAcessLink_04D,5E8
BBServer_04D,2E8
ServerAcessLink_04E,5E8
BBServer_04E,2E8
ServerAcessLink_04F,5E8
BBServer_04F,2E8
ServerAcessLink_04G,5E8
BBServer_04G,2E8
ServerAcessLink_04H,5E8
BBServer_04H,2E8
ServerAcessLink_04I,5E8
BBServer_04I,2E8
ServerAcessLink_04J,5E8
BBServer_04J,2E8
ServerAcessLink_04K,5E8
BBServer_04K,2E8
ServerAcessLink_04L,5E8
BBServer_04L,2E8
ServerAcessLink_04M,5E8
BBServer_04M,2E8
ServerAcessLink_04N,5E8
BBServer_04N,2E8
ServerAcessLink_04O,5E8
BBServer_04O,2E8
ServerAcessLink_04P,5E8
BBServer_04P,2E8
ServerAcessLink_04Q,5E8
BBServer_04Q,2E8
ServerAcessLink_04R,5E8
BBServer_04R,2E8
ServerAcessLink_04S,5E8
BBServer_04S,2E8
ServerAcessLink_04T,5E8
BBServer_04T,2E8
ServerAcessLink_04U,5E8
BBServer_04U,2E8
ServerAcessLink_04V,5E8
BBServer_04V,2E8
BB_040,2E8
BB_041,2E8
BB_042,2E8
BB_043,2E8
BB_044,2E8
BB_045,2E8
BB_046,2E8
BB_047,2E8
BB_048,2E8
BB_049,2E8
BB_04A,2E8
BB_04B,2E8
BB_04C,2E8
BB_04D,2E8
BB_04E,2E8
BB_04F,2E8
BB_04G,2E8
BB_04H,2E8
BB_04I,2E8
BB_04J,2E8
BB_04K,2E8
BB_04L,2E8
BB_04M,2E8
BB_04N,2E8
BB_04O,2E8
BB_04P,2E8
BB_04Q,2E8
BB_04R,2E8
BB_04S,2E8
BB_04T,2E8
BB_04U,2E8
BB_04V,2E8
ServerAcessLink_050,5E8
BBServer_050,2E8
ServerAcessLink_051,5E8
BBServer_051,2E8
ServerAcessLink_052,5E8
BBServer_052,2E8
ServerAcessLink_053,5E8
BBServer_053,2E8
ServerAcessLink_054,5E8
BBServer_054,2E8
ServerAcessLink_055,5E8
BBServer_055,2E8
ServerAcessLink_056,5E8
BBServer_056,2E8
ServerAcessLink_057,5E8
BBServer_057,2E8
ServerAcessLink_058,5E8
BBServer_058,2E8
ServerAcessLink_059,5E8
BBServer_059,2E8
ServerAcessLink_05A,5E8
BBServer_05A,2E8
ServerAcessLink_05B,5E8
BBServer_05B,2E8
ServerAcessLink_05C,5E8
BBServer_05C,2E8
ServerAcessLink_05D,5E8
BBServer_05D,2E8
ServerAcessLink_05E,5E8
BBServer_05E,2E8
ServerAcessLink_05F,5E8
BBServer_05F,2E8
ServerAcessLink_05G,5E8
BBServer_05G,2E8
ServerAcessLink_05H,5E8
BBServer_05H,2E8
ServerAcessLink_05I,5E8
BBServer_05I,2E8
ServerAcessLink_05J,5E8
BBServer_05J,2E8
ServerAcessLink_05K,5E8
BBServer_05K,2E8
ServerAcessLink_05L,5E8
BBServer_05L,2E8
ServerAcessLink_05M,5E8
BBServer_05M,2E8
ServerAcessLink_05N,5E8
BBServer_05N,2E8
ServerAcessLink_05O,5E8
BBServer_05O,2E8
ServerAcessLink_05P,5E8
BBServer_05P,2E8
ServerAcessLink_05Q,5E8
BBServer_05Q,2E8
ServerAcessLink_05R,5E8
BBServer_05R,2E8
ServerAcessLink_05S,5E8
BBServer_05S,2E8
ServerAcessLink_05T,5E8
BBServer_05T,2E8
ServerAcessLink_05U,5E8
BBServer_05U,2E8
ServerAcessLink_05V,5E8
BBServer_05V,2E8
BB_050,2E8
BB_051,2E8
BB_052,2E8
BB_053,2E8
BB_054,2E8
BB_055,2E8
BB_056,2E8
BB_057,2E8
BB_058,2E8
BB_059,2E8
BB_05A,2E8
BB_05B,2E8
BB_05C,2E8
BB_05D,2E8
BB_05E,2E8
BB_05F,2E8
BB_05G,2E8
BB_05H,2E8
BB_05I,2E8
BB_05J,2E8
BB_05K,2E8
BB_05L,2E8
BB_05M,2E8
BB_05N,2E8
BB_05O,2E8
BB_05P,2E8
BB_05Q,2E8
BB_05R,2E8
BB_05S,2E8
BB_05T,2E8
BB_05U,2E8
BB_05V,2E8
ServerAcessLink_060,5E8
BBServer_060,2E8
ServerAcessLink_061,5E8
BBServer_061,2E8
ServerAcessLink_062,5E8
BBServer_062,2E8
ServerAcessLink_063,5E8
BBServer_063,2E8
ServerAcessLink_064,5E8
BBServer_064,2E8
ServerAcessLink_065,5E8
BBServer_065,2E8
ServerAcessLink_066,5E8
BBServer_066,2E8
ServerAcessLink_067,5E8
BBServer_067,2E8
ServerAcessLink_068,5E8
BBServer_068,2E8
ServerAcessLink_069,5E8
BBServer_069,2E8
ServerAcessLink_06A,5E8
BBServer_06A,2E8
ServerAcessLink_06B,5E8
BBServer_06B,2E8
ServerAcessLink_06C,5E8
BBServer_06C,2E8
ServerAcessLink_06D,5E8
BBServer_06D,2E8
ServerAcessLink_06E,5E8
BBServer_06E,2E8
ServerAcessLink_06F,5E8
BBServer_06F,2E8
ServerAcessLink_06G,5E8
BBServer_06G,2E8
ServerAcessLink_06H,5E8
BBServer_06H,2E8
ServerAcessLink_06I,5E8
BBServer_06I,2E8
ServerAcessLink_06J,5E8
BBServer_06J,2E8
ServerAcessLink_06K,5E8
BBServer_06K,2E8
ServerAcessLink_06L,5E8
BBServer_06L,2E8
ServerAcessLink_06M,5E8
BBServer_06M,2E8
ServerAcessLink_06N,5E8
BBServer_06N,2E8
ServerAcessLink_06O,5E8
BBServer_06O,2E8
ServerAcessLink_06P,5E8
BBServer_06P,2E8
ServerAcessLink_06Q,5E8
BBServer_06Q,2E8
ServerAcessLink_06R,5E8
BBServer_06R,2E8
ServerAcessLink_06S,5E8
BBServer_06S,2E8
ServerAcessLink_06T,5E8
BBServer_06T,2E8
ServerAcessLink_06U,5E8
BBServer_06U,2E8
ServerAcessLink_06V,5E8
BBServer_06V,2E8
BB_060,2E8
BB_061,2E8
BB_062,2E8
BB_063,2E8
BB_064,2E8
BB_065,2E8
BB_066,2E8
BB_067,2E8
BB_068,2E8
BB_069,2E8
BB_06A,2E8
BB_06B,2E8
BB_06C,2E8
BB_06D,2E8
BB_06E,2E8
BB_06F,2E8
BB_06G,2E8
BB_06H,2E8
BB_06I,2E8
BB_06J,2E8
BB_06K,2E8
BB_06L,2E8
BB_06M,2E8
BB_06N,2E8
BB_06O,2E8
BB_06P,2E8
BB_06Q,2E8
BB_06R,2E8
BB_06S,2E8
BB_06T,2E8
BB_06U,2E8
BB_06V,2E8
ServerAcessLink_070,5E8
BBServer_070,2E8
ServerAcessLink_071,5E8
BBServer_071,2E8
ServerAcessLink_072,5E8
BBServer_072,2E8
ServerAcessLink_073,5E8
BBServer_073,2E8
ServerAcessLink_074,5E8
BBServer_074,2E8
ServerAcessLink_075,5E8
BBServer_075,2E8
ServerAcessLink_076,5E8
BBServer_076,2E8
ServerAcessLink_077,5E8
BBServer_077,2E8
ServerAcessLink_078,5E8
BBServer_078,2E8
ServerAcessLink_079,5E8
BBServer_079,2E8
ServerAcessLink_07A,5E8
BBServer_07A,2E8
ServerAcessLink_07B,5E8
BBServer_07B,2E8
ServerAcessLink_07C,5E8
BBServer_07C,2E8
ServerAcessLink_07D,5E8
BBServer_07D,2E8
ServerAcessLink_07E,5E8
BBServer_07E,2E8
ServerAcessLink_07F,5E8
BBServer_07F,2E8
ServerAcessLink_07G,5E8
BBServer_07G,2E8
ServerAcessLink_07H,5E8
BBServer_07H,2E8
ServerAcessLink_07I,5E8
BBServer_07I,2E8
ServerAcessLink_07J,5E8
BBServer_07J,2E8
ServerAcessLink_07K,5E8
BBServer_07K,2E8
ServerAcessLink_07L,5E8
BBServer_07L,2E8
ServerAcessLink_07M,5E8
BBServer_07M,2E8
ServerAcessLink_07N,5E8
BBServer_07N,2E8
ServerAcessLink_07O,5E8
BBServer_07O,2E8
ServerAcessLink_07P,5E8
BBServer_07P,2E8
ServerAcessLink_07Q,5E8
BBServer_07Q,2E8
ServerAcessLink_07R,5E8
BBServer_07R,2E8
ServerAcessLink_07S,5E8
BBServer_07S,2E8
ServerAcessLink_07T,5E8
BBServer_07T,2E8
ServerAcessLink_07U,5E8
BBServer_07U,2E8
ServerAcessLink_07V,5E8
BBServer_07V,2E8
BB_070,2E8
BB_071,2E8
BB_072,2E8
BB_073,2E8
BB_074,2E8
BB_075,2E8
BB_076,2E8
BB_077,2E8
BB_078,2E8
BB_079,2E8
BB_07A,2E8
BB_07B,2E8
BB_07C,2E8
BB_07D,2E8
BB_07E,2E8
BB_07F,2E8
BB_07G,2E8
BB_07H,2E8
BB_07I,2E8
BB_07J,2E8
BB_07K,2E8
BB_07L,2E8
BB_07M,2E8
BB_07N,2E8
BB_07O,2E8
BB_07P,2E8
BB_07Q,2E8
BB_07R,2E8
BB_07S,2E8
BB_07T,2E8
BB_07U,2E8
BB_07V,2E8
ServerAcessLink_080,5E8
BBServer_080,2E8
ServerAcessLink_081,5E8
BBServer_081,2E8
ServerAcessLink_082,5E8
BBServer_082,2E8
ServerAcessLink_083,5E8
BBServer_083,2E8
ServerAcessLink_084,5E8
BBServer_084,2E8
ServerAcessLink_085,5E8
BBServer_085,2E8
ServerAcessLink_086,5E8
BBServer_086,2E8
ServerAcessLink_087,5E8
BBServer_087,2E8
ServerAcessLink_088,5E8
BBServer_088,2E8
ServerAcessLink_089,5E8
BBServer_089,2E8
ServerAcessLink_08A,5E8
BBServer_08A,2E8
ServerAcessLink_08B,5E8
BBServer_08B,2E8
ServerAcessLink_08C,5E8
BBServer_08C,2E8
ServerAcessLink_08D,5E8
BBServer_08D,2E8
ServerAcessLink_08E,5E8
BBServer_08E,2E8
ServerAcessLink_08F,5E8
BBServer_08F,2E8
ServerAcessLink_08G,5E8
BBServer_08G,2E8
ServerAcessLink_08H,5E8
BBServer_08H,2E8
ServerAcessLink_08I,5E8
BBServer_08I,2E8
ServerAcessLink_08J,5E8
BBServer_08J,2E8
ServerAcessLink_08K,5E8
BBServer_08K,2E8
ServerAcessLink_08L,5E8
BBServer_08L,2E8
ServerAcessLink_08M,5E8
BBServer_08M,2E8
ServerAcessLink_08N,5E8
BBServer_08N,2E8
ServerAcessLink_08O,5E8
BBServer_08O,2E8
ServerAcessLink_08P,5E8
BBServer_08P,2E8
ServerAcessLink_08Q,5E8
BBServer_08Q,2E8
ServerAcessLink_08R,5E8
BBServer_08R,2E8
ServerAcessLink_08S,5E8
BBServer_08S,2E8
ServerAcessLink_08T,5E8
BBServer_08T,2E8
ServerAcessLink_08U,5E8
BBServer_08U,2E8
ServerAcessLink_08V,5E8
BBServer_08V,2E8
BB_080,2E8
BB_081,2E8
BB_082,2E8
BB_083,2E8
BB_084,2E8
BB_085,2E8
BB_086,2E8
BB_087,2E8
BB_088,2E8
BB_089,2E8
BB_08A,2E8
BB_08B,2E8
BB_08C,2E8
BB_08D,2E8
BB_08E,2E8
BB_08F,2E8
BB_08G,2E8
BB_08H,2E8
BB_08I,2E8
BB_08J,2E8
BB_08K,2E8
BB_08L,2E8
BB_08M,2E8
BB_08N,2E8
BB_08O,2E8
BB_08P,2E8
BB_08Q,2E8
BB_08R,2E8
BB_08S,2E8
BB_08T,2E8
BB_08U,2E8
BB_08V,2E8
ServerAcessLink_090,5E8
BBServer_090,2E8
ServerAcessLink_091,5E8
BBServer_091,2E8
ServerAcessLink_092,5E8
BBServer_092,2E8
ServerAcessLink_093,5E8
BBServer_093,2E8
ServerAcessLink_094,5E8
BBServer_094,2E8
ServerAcessLink_095,5E8
BBServer_095,2E8
ServerAcessLink_096,5E8
BBServer_096,2E8
ServerAcessLink_097,5E8
BBServer_097,2E8
ServerAcessLink_098,5E8
BBServer_098,2E8
ServerAcessLink_099,5E8
BBServer_099,2E8
ServerAcessLink_09A,5E8
BBServer_09A,2E8
ServerAcessLink_09B,5E8
BBServer_09B,2E8
ServerAcessLink_09C,5E8
BBServer_09C,2E8
ServerAcessLink_09D,5E8
BBServer_09D,2E8
ServerAcessLink_09E,5E8
BBServer_09E,2E8
ServerAcessLink_09F,5E8
BBServer_09F,2E8
ServerAcessLink_09G,5E8
BBServer_09G,2E8
ServerAcessLink_09H,5E8
BBServer_09H,2E8
ServerAcessLink_09I,5E8
BBServer_09I,2E8
ServerAcessLink_09J,5E8
BBServer_09J,2E8
ServerAcessLink_09K,5E8
BBServer_09K,2E8
ServerAcessLink_09L,5E8
BBServer_09L,2E8
ServerAcessLink_09M,5E8
BBServer_09M,2E8
ServerAcessLink_09N,5E8
BBServer_09N,2E8
ServerAcessLink_09O,5E8
BBServer_09O,2E8
ServerAcessLink_09P,5E8
BBServer_09P,2E8
ServerAcessLink_09Q,5E8
BBServer_09Q,2E8
ServerAcessLink_09R,5E8
BBServer_09R,2E8
ServerAcessLink_09S,5E8
BBServer_09S,2E8
ServerAcessLink_09T,5E8
BBServer_09T,2E8
ServerAcessLink_09U,5E8
BBServer_09U,2E8
ServerAcessLink_09V,5E8
BBServer_09V,2E8
BB_090,2E8
BB_091,2E8
BB_092,2E8
BB_093,2E8
BB_094,2E8
BB_095,2E8
BB_096,2E8
BB_097,2E8
BB_098,2E8
BB_099,2E8
BB_09A,2E8
BB_09B,2E8
BB_09C,2E8
BB_09D,2E8
BB_09E,2E8
BB_09F,2E8
BB_09G,2E8
BB_09H,2E8
BB_09I,2E8
BB_09J,2E8
BB_09K,2E8
BB_09L,2E8
BB_09M,2E8
BB_09N,2E8
BB_09O,2E8
BB_09P,2E8
BB_09Q,2E8
BB_09R,2E8
BB_09S,2E8
BB_09T,2E8
BB_09U,2E8
BB_09V,2E8
ServerAcessLink_0A0,5E8
BBServer_0A0,2E8
ServerAcessLink_0A1,5E8
BBServer_0A1,2E8
ServerAcessLink_0A2,5E8
BBServer_0A2,2E8
ServerAcessLink_0A3,5E8
BBServer_0A3,2E8
ServerAcessLink_0A4,5E8
BBServer_0A4,2E8
ServerAcessLink_0A5,5E8
BBServer_0A5,2E8
ServerAcessLink_0A6,5E8
BBServer_0A6,2E8
ServerAcessLink_0A7,5E8
BBServer_0A7,2E8
ServerAcessLink_0A8,5E8
BBServer_0A8,2E8
ServerAcessLink_0A9,5E8
BBServer_0A9,2E8
ServerAcessLink_0AA,5E8
BBServer_0AA,2E8
ServerAcessLink_0AB,5E8
BBServer_0AB,2E8
ServerAcessLink_0AC,5E8
BBServer_0AC,2E8
ServerAcessLink_0AD,5E8
BBServer_0AD,2E8
ServerAcessLink_0AE,5E8
BBServer_0AE,2E8
ServerAcessLink_0AF,5E8
BBServer_0AF,2E8
ServerAcessLink_0AG,5E8
BBServer_0AG,2E8
ServerAcessLink_0AH,5E8
BBServer_0AH,2E8
ServerAcessLink_0AI,5E8
BBServer_0AI,2E8
ServerAcessLink_0AJ,5E8
BBServer_0AJ,2E8
ServerAcessLink_0AK,5E8
BBServer_0AK,2E8
ServerAcessLink_0AL,5E8
BBServer_0AL,2E8
ServerAcessLink_0AM,5E8
BBServer_0AM,2E8
ServerAcessLink_0AN,5E8
BBServer_0AN,2E8
ServerAcessLink_0AO,5E8
BBServer_0AO,2E8
ServerAcessLink_0AP,5E8
BBServer_0AP,2E8
ServerAcessLink_0AQ,5E8
BBServer_0AQ,2E8
ServerAcessLink_0AR,5E8
BBServer_0AR,2E8
ServerAcessLink_0AS,5E8
BBServer_0AS,2E8
ServerAcessLink_0AT,5E8
BBServer_0AT,2E8
ServerAcessLink_0AU,5E8
BBServer_0AU,2E8
ServerAcessLink_0AV,5E8
BBServer_0AV,2E8
BB_0A0,2E8
BB_0A1,2E8
BB_0A2,2E8
BB_0A3,2E8
BB_0A4,2E8
BB_0A5,2E8
BB_0A6,2E8
BB_0A7,2E8
BB_0A8,2E8
BB_0A9,2E8
BB_0AA,2E8
BB_0AB,2E8
BB_0AC,2E8
BB_0AD,2E8
BB_0AE,2E8
BB_0AF,2E8
BB_0AG,2E8
BB_0AH,2E8
BB_0AI,2E8
BB_0AJ,2E8
BB_0AK,2E8
BB_0AL,2E8
BB_0AM,2E8
BB_0AN,2E8
BB_0AO,2E8
BB_0AP,2E8
BB_0AQ,2E8
BB_0AR,2E8
BB_0AS,2E8
BB_0AT,2E8
BB_0AU,2E8
BB_0AV,2E8
ServerAcessLink_0B0,5E8
BBServer_0B0,2E8
ServerAcessLink_0B1,5E8
BBServer_0B1,2E8
ServerAcessLink_0B2,5E8
BBServer_0B2,2E8
ServerAcessLink_0B3,5E8
BBServer_0B3,2E8
ServerAcessLink_0B4,5E8
BBServer_0B4,2E8
ServerAcessLink_0B5,5E8
BBServer_0B5,2E8
ServerAcessLink_0B6,5E8
BBServer_0B6,2E8
ServerAcessLink_0B7,5E8
BBServer_0B7,2E8
ServerAcessLink_0B8,5E8
BBServer_0B8,2E8
ServerAcessLink_0B9,5E8
BBServer_0B9,2E8
ServerAcessLink_0BA,5E8
BBServer_0BA,2E8
ServerAcessLink_0BB,5E8
BBServer_0BB,2E8
ServerAcessLink_0BC,5E8
BBServer_0BC,2E8
ServerAcessLink_0BD,5E8
BBServer_0BD,2E8
ServerAcessLink_0BE,5E8
BBServer_0BE,2E8
ServerAcessLink_0BF,5E8
BBServer_0BF,2E8
ServerAcessLink_0BG,5E8
BBServer_0BG,2E8
ServerAcessLink_0BH,5E8
BBServer_0BH,2E8
ServerAcessLink_0BI,5E8
BBServer_0BI,2E8
ServerAcessLink_0BJ,5E8
BBServer_0BJ,2E8
ServerAcessLink_0BK,5E8
BBServer_0BK,2E8
ServerAcessLink_0BL,5E8
BBServer_0BL,2E8
ServerAcessLink_0BM,5E8
BBServer_0BM,2E8
ServerAcessLink_0BN,5E8
BBServer_0BN,2E8
ServerAcessLink_0BO,5E8
BBServer_0BO,2E8
ServerAcessLink_0BP,5E8
BBServer_0BP,2E8
ServerAcessLink_0BQ,5E8
BBServer_0BQ,2E8
ServerAcessLink_0BR,5E8
BBServer_0BR,2E8
ServerAcessLink_0BS,5E8
BBServer_0BS,2E8
ServerAcessLink_0BT,5E8
BBServer_0BT,2E8
ServerAcessLink_0BU,5E8
BBServer_0BU,2E8
ServerAcessLink_0BV,5E8
BBServer_0BV,2E8
BB_0B0,2E8
BB_0B1,2E8
BB_0B2,2E8
BB_0B3,2E8
BB_0B4,2E8
BB_0B5,2E8
BB_0B6,2E8
BB_0B7,2E8
BB_0B8,2E8
BB_0B9,2E8
BB_0BA,2E8
BB_0BB,2E8
BB_0BC,2E8
BB_0BD,2E8
BB_0BE,2E8
BB_0BF,2E8
BB_0BG,2E8
BB_0BH,2E8
BB_0BI,2E8
BB_0BJ,2E8
BB_0BK,2E8
BB_0BL,2E8
BB_0BM,2E8
BB_0BN,2E8
BB_0BO,2E8
BB_0BP,2E8
BB_0BQ,2E8
BB_0BR,2E8
BB_0BS,2E8
BB_0BT,2E8
BB_0BU,2E8
BB_0BV,2E8
ServerAcessLink_0C0,5E8
BBServer_0C0,2E8
ServerAcessLink_0C1,5E8
BBServer_0C1,2E8
ServerAcessLink_0C2,5E8
BBServer_0C2,2E8
ServerAcessLink_0C3,5E8
BBServer_0C3,2E8
ServerAcessLink_0C4,5E8
BBServer_0C4,2E8
ServerAcessLink_0C5,5E8
BBServer_0C5,2E8
ServerAcessLink_0C6,5E8
BBServer_0C6,2E8
ServerAcessLink_0C7,5E8
BBServer_0C7,2E8
ServerAcessLink_0C8,5E8
BBServer_0C8,2E8
ServerAcessLink_0C9,5E8
BBServer_0C9,2E8
ServerAcessLink_0CA,5E8
BBServer_0CA,2E8
ServerAcessLink_0CB,5E8
BBServer_0CB,2E8
ServerAcessLink_0CC,5E8
BBServer_0CC,2E8
ServerAcessLink_0CD,5E8
BBServer_0CD,2E8
ServerAcessLink_0CE,5E8
BBServer_0CE,2E8
ServerAcessLink_0CF,5E8
BBServer_0CF,2E8
ServerAcessLink_0CG,5E8
BBServer_0CG,2E8
ServerAcessLink_0CH,5E8
BBServer_0CH,2E8
ServerAcessLink_0CI,5E8
BBServer_0CI,2E8
ServerAcessLink_0CJ,5E8
BBServer_0CJ,2E8
ServerAcessLink_0CK,5E8
BBServer_0CK,2E8
ServerAcessLink_0CL,5E8
BBServer_0CL,2E8
ServerAcessLink_0CM,5E8
BBServer_0CM,2E8
ServerAcessLink_0CN,5E8
BBServer_0CN,2E8
ServerAcessLink_0CO,5E8
BBServer_0CO,2E8
ServerAcessLink_0CP,5E8
BBServer_0CP,2E8
ServerAcessLink_0CQ,5E8
BBServer_0CQ,2E8
ServerAcessLink_0CR,5E8
BBServer_0CR,2E8
ServerAcessLink_0CS,5E8
BBServer_0CS,2E8
ServerAcessLink_0CT,5E8
BBServer_0CT,2E8
ServerAcessLink_0CU,5E8
BBServer_0CU,2E8
ServerAcessLink_0CV,5E8
BBServer_0CV,2E8
BB_0C0,2E8
BB_0C1,2E8
BB_0C2,2E8
BB_0C3,2E8
BB_0C4,2E8
BB_0C5,2E8
BB_0C6,2E8
BB_0C7,2E8
BB_0C8,2E8
BB_0C9,2E8
BB_0CA,2E8
BB_0CB,2E8
BB_0CC,2E8
BB_0CD,2E8
BB_0CE,2E8
BB_0CF,2E8
BB_0CG,2E8
BB_0CH,2E8
BB_0CI,2E8
BB_0CJ,2E8
BB_0CK,2E8
BB_0CL,2E8
BB_0CM,2E8
BB_0CN,2E8
BB_0CO,2E8
BB_0CP,2E8
BB_0CQ,2E8
BB_0CR,2E8
BB_0CS,2E8
BB_0CT,2E8
BB_0CU,2E8
BB_0CV,2E8
ServerAcessLink_0D0,5E8
BBServer_0D0,2E8
ServerAcessLink_0D1,5E8
BBServer_0D1,2E8
ServerAcessLink_0D2,5E8
BBServer_0D2,2E8
ServerAcessLink_0D3,5E8
BBServer_0D3,2E8
ServerAcessLink_0D4,5E8
BBServer_0D4,2E8
ServerAcessLink_0D5,5E8
BBServer_0D5,2E8
ServerAcessLink_0D6,5E8
BBServer_0D6,2E8
ServerAcessLink_0D7,5E8
BBServer_0D7,2E8
ServerAcessLink_0D8,5E8
BBServer_0D8,2E8
ServerAcessLink_0D9,5E8
BBServer_0D9,2E8
ServerAcessLink_0DA,5E8
BBServer_0DA,2E8
ServerAcessLink_0DB,5E8
BBServer_0DB,2E8
ServerAcessLink_0DC,5E8
BBServer_0DC,2E8
ServerAcessLink_0DD,5E8
BBServer_0DD,2E8
ServerAcessLink_0DE,5E8
BBServer_0DE,2E8
ServerAcessLink_0DF,5E8
BBServer_0DF,2E8
ServerAcessLink_0DG,5E8
BBServer_0DG,2E8
ServerAcessLink_0DH,5E8
BBServer_0DH,2E8
ServerAcessLink_0DI,5E8
BBServer_0DI,2E8
ServerAcessLink_0DJ,5E8
BBServer_0DJ,2E8
ServerAcessLink_0DK,5E8
BBServer_0DK,2E8
ServerAcessLink_0DL,5E8
BBServer_0DL,2E8
ServerAcessLink_0DM,5E8
BBServer_0DM,2E8
ServerAcessLink_0DN,5E8
BBServer_0DN,2E8
ServerAcessLink_0DO,5E8
BBServer_0DO,2E8
ServerAcessLink_0DP,5E8
BBServer_0DP,2E8
ServerAcessLink_0DQ,5E8
BBServer_0DQ,2E8
ServerAcessLink_0DR,5E8
BBServer_0DR,2E8
ServerAcessLink_0DS,5E8
BBServer_0DS,2E8
ServerAcessLink_0DT,5E8
BBServer_0DT,2E8
ServerAcessLink_0DU,5E8
BBServer_0DU,2E8
ServerAcessLink_0DV,5E8
BBServer_0DV,2E8
BB_0D0,2E8
BB_0D1,2E8
BB_0D2,2E8
BB_0D3,2E8
BB_0D4,2E8
BB_0D5,2E8
BB_0D6,2E8
BB_0D7,2E8
BB_0D8,2E8
BB_0D9,2E8
BB_0DA,2E8
BB_0DB,2E8
BB_0DC,2E8
BB_0DD,2E8
BB_0DE,2E8
BB_0DF,2E8
BB_0DG,2E8
BB_0DH,2E8
BB_0DI,2E8
BB_0DJ,2E8
BB_0DK,2E8
BB_0DL,2E8
BB_0DM,2E8
BB_0DN,2E8
BB_0DO,2E8
BB_0DP,2E8
BB_0DQ,2E8
BB_0DR,2E8
BB_0DS,2E8
BB_0DT,2E8
BB_0DU,2E8
BB_0DV,2E8
ServerAcessLink_0E0,5E8
BBServer_0E0,2E8
ServerAcessLink_0E1,5E8
BBServer_0E1,2E8
ServerAcessLink_0E2,5E8
BBServer_0E2,2E8
ServerAcessLink_0E3,5E8
BBServer_0E3,2E8
ServerAcessLink_0E4,5E8
BBServer_0E4,2E8
ServerAcessLink_0E5,5E8
BBServer_0E5,2E8
ServerAcessLink_0E6,5E8
BBServer_0E6,2E8
ServerAcessLink_0E7,5E8
BBServer_0E7,2E8
ServerAcessLink_0E8,5E8
BBServer_0E8,2E8
ServerAcessLink_0E9,5E8
BBServer_0E9,2E8
ServerAcessLink_0EA,5E8
BBServer_0EA,2E8
ServerAcessLink_0EB,5E8
BBServer_0EB,2E8
ServerAcessLink_0EC,5E8
BBServer_0EC,2E8
ServerAcessLink_0ED,5E8
BBServer_0ED,2E8
ServerAcessLink_0EE,5E8
BBServer_0EE,2E8
ServerAcessLink_0EF,5E8
BBServer_0EF,2E8
ServerAcessLink_0EG,5E8
BBServer_0EG,2E8
ServerAcessLink_0EH,5E8
BBServer_0EH,2E8
ServerAcessLink_0EI,5E8
BBServer_0EI,2E8
ServerAcessLink_0EJ,5E8
BBServer_0EJ,2E8
ServerAcessLink_0EK,5E8
BBServer_0EK,2E8
ServerAcessLink_0EL,5E8
BBServer_0EL,2E8
ServerAcessLink_0EM,5E8
BBServer_0EM,2E8
ServerAcessLink_0EN,5E8
BBServer_0EN,2E8
ServerAcessLink_0EO,5E8
BBServer_0EO,2E8
ServerAcessLink_0EP,5E8
BBServer_0EP,2E8
ServerAcessLink_0EQ,5E8
BBServer_0EQ,2E8
ServerAcessLink_0ER,5E8
BBServer_0ER,2E8
ServerAcessLink_0ES,5E8
BBServer_0ES,2E8
ServerAcessLink_0ET,5E8
BBServer_0ET,2E8
ServerAcessLink_0EU,5E8
BBServer_0EU,2E8
ServerAcessLink_0EV,5E8
BBServer_0EV,2E8
BB_0E0,2E8
BB_0E1,2E8
BB_0E2,2E8
BB_0E3,2E8
BB_0E4,2E8
BB_0E5,2E8
BB_0E6,2E8
BB_0E7,2E8
BB_0E8,2E8
BB_0E9,2E8
BB_0EA,2E8
BB_0EB,2E8
BB_0EC,2E8
BB_0ED,2E8
BB_0EE,2E8
BB_0EF,2E8
BB_0EG,2E8
BB_0EH,2E8
BB_0EI,2E8
BB_0EJ,2E8
BB_0EK,2E8
BB_0EL,2E8
BB_0EM,2E8
BB_0EN,2E8
BB_0EO,2E8
BB_0EP,2E8
BB_0EQ,2E8
BB_0ER,2E8
BB_0ES,2E8
BB_0ET,2E8
BB_0EU,2E8
BB_0EV,2E8
ServerAcessLink_0F0,5E8
BBServer_0F0,2E8
ServerAcessLink_0F1,5E8
BBServer_0F1,2E8
ServerAcessLink_0F2,5E8
BBServer_0F2,2E8
ServerAcessLink_0F3,5E8
BBServer_0F3,2E8
ServerAcessLink_0F4,5E8
BBServer_0F4,2E8
ServerAcessLink_0F5,5E8
BBServer_0F5,2E8
ServerAcessLink_0F6,5E8
BBServer_0F6,2E8
ServerAcessLink_0F7,5E8
BBServer_0F7,2E8
ServerAcessLink_0F8,5E8
BBServer_0F8,2E8
ServerAcessLink_0F9,5E8
BBServer_0F9,2E8
ServerAcessLink_0FA,5E8
BBServer_0FA,2E8
ServerAcessLink_0FB,5E8
BBServer_0FB,2E8
ServerAcessLink_0FC,5E8
BBServer_0FC,2E8
ServerAcessLink_0FD,5E8
BBServer_0FD,2E8
ServerAcessLink_0FE,5E8
BBServer_0FE,2E8
ServerAcessLink_0FF,5E8
BBServer_0FF,2E8
ServerAcessLink_0FG,5E8
BBServer_0FG,2E8
ServerAcessLink_0FH,5E8
BBServer_0FH,2E8
ServerAcessLink_0FI,5E8
BBServer_0FI,2E8
ServerAcessLink_0FJ,5E8
BBServer_0FJ,2E8
ServerAcessLink_0FK,5E8
BBServer_0FK,2E8
ServerAcessLink_0FL,5E8
BBServer_0FL,2E8
ServerAcessLink_0FM,5E8
BBServer_0FM,2E8
ServerAcessLink_0FN,5E8
BBServer_0FN,2E8
ServerAcessLink_0FO,5E8
BBServer_0FO,2E8
ServerAcessLink_0FP,5E8
BBServer_0FP,2E8
ServerAcessLink_0FQ,5E8
BBServer_0FQ,2E8
ServerAcessLink_0FR,5E8
BBServer_0FR,2E8
ServerAcessLink_0FS,5E8
BBServer_0FS,2E8
ServerAcessLink_0FT,5E8
BBServer_0FT,2E8
ServerAcessLink_0FU,5E8
BBServer_0FU,2E8
ServerAcessLink_0FV,5E8
BBServer_0FV,2E8
BB_0F0,2E8
BB_0F1,2E8
BB_0F2,2E8
BB_0F3,2E8
BB_0F4,2E8
BB_0F5,2E8
BB_0F6,2E8
BB_0F7,2E8
BB_0F8,2E8
BB_0F9,2E8
BB_0FA,2E8
BB_0FB,2E8
BB_0FC,2E8
BB_0FD,2E8
BB_0FE,2E8
BB_0FF,2E8
BB_0FG,2E8
BB_0FH,2E8
BB_0FI,2E8
BB_0FJ,2E8
BB_0FK,2E8
BB_0FL,2E8
BB_0FM,2E8
BB_0FN,2E8
BB_0FO,2E8
BB_0FP,2E8
BB_0FQ,2E8
BB_0FR,2E8
BB_0FS,2E8
BB_0FT,2E8
BB_0FU,2E8
BB_0FV,2E8
ServerAcessLink_0G0,5E8
BBServer_0G0,2E8
ServerAcessLink_0G1,5E8
BBServer_0G1,2E8
ServerAcessLink_0G2,5E8
BBServer_0G2,2E8
ServerAcessLink_0G3,5E8
BBServer_0G3,2E8
ServerAcessLink_0G4,5E8
BBServer_0G4,2E8
ServerAcessLink_0G5,5E8
BBServer_0G5,2E8
ServerAcessLink_0G6,5E8
BBServer_0G6,2E8
ServerAcessLink_0G7,5E8
BBServer_0G7,2E8
ServerAcessLink_0G8,5E8
BBServer_0G8,2E8
ServerAcessLink_0G9,5E8
BBServer_0G9,2E8
ServerAcessLink_0GA,5E8
BBServer_0GA,2E8
ServerAcessLink_0GB,5E8
BBServer_0GB,2E8
ServerAcessLink_0GC,5E8
BBServer_0GC,2E8
ServerAcessLink_0GD,5E8
BBServer_0GD,2E8
ServerAcessLink_0GE,5E8
BBServer_0GE,2E8
ServerAcessLink_0GF,5E8
BBServer_0GF,2E8
ServerAcessLink_0GG,5E8
BBServer_0GG,2E8
ServerAcessLink_0GH,5E8
BBServer_0GH,2E8
ServerAcessLink_0GI,5E8
BBServer_0GI,2E8
ServerAcessLink_0GJ,5E8
BBServer_0GJ,2E8
ServerAcessLink_0GK,5E8
BBServer_0GK,2E8
ServerAcessLink_0GL,5E8
BBServer_0GL,2E8
ServerAcessLink_0GM,5E8
BBServer_0GM,2E8
ServerAcessLink_0GN,5E8
BBServer_0GN,2E8
ServerAcessLink_0GO,5E8
BBServer_0GO,2E8
ServerAcessLink_0GP,5E8
BBServer_0GP,2E8
ServerAcessLink_0GQ,5E8
BBServer_0GQ,2E8
ServerAcessLink_0GR,5E8
BBServer_0GR,2E8
ServerAcessLink_0GS,5E8
BBServer_0GS,2E8
ServerAcessLink_0GT,5E8
BBServer_0GT,2E8
ServerAcessLink_0GU,5E8
BBServer_0GU,2E8
ServerAcessLink_0GV,5E8
BBServer_0GV,2E8
BB_0G0,2E8
BB_0G1,2E8
BB_0G2,2E8
BB_0G3,2E8
BB_0G4,2E8
BB_0G5,2E8
BB_0G6,2E8
BB_0G7,2E8
BB_0G8,2E8
BB_0G9,2E8
BB_0GA,2E8
BB_0GB,2E8
BB_0GC,2E8
BB_0GD,2E8
BB_0GE,2E8
BB_0GF,2E8
BB_0GG,2E8
BB_0GH,2E8
BB_0GI,2E8
BB_0GJ,2E8
BB_0GK,2E8
BB_0GL,2E8
BB_0GM,2E8
BB_0GN,2E8
BB_0GO,2E8
BB_0GP,2E8
BB_0GQ,2E8
BB_0GR,2E8
BB_0GS,2E8
BB_0GT,2E8
BB_0GU,2E8
BB_0GV,2E8
ServerAcessLink_0H0,5E8
BBServer_0H0,2E8
ServerAcessLink_0H1,5E8
BBServer_0H1,2E8
ServerAcessLink_0H2,5E8
BBServer_0H2,2E8
ServerAcessLink_0H3,5E8
BBServer_0H3,2E8
ServerAcessLink_0H4,5E8
BBServer_0H4,2E8
ServerAcessLink_0H5,5E8
BBServer_0H5,2E8
ServerAcessLink_0H6,5E8
BBServer_0H6,2E8
ServerAcessLink_0H7,5E8
BBServer_0H7,2E8
ServerAcessLink_0H8,5E8
BBServer_0H8,2E8
ServerAcessLink_0H9,5E8
BBServer_0H9,2E8
ServerAcessLink_0HA,5E8
BBServer_0HA,2E8
ServerAcessLink_0HB,5E8
BBServer_0HB,2E8
ServerAcessLink_0HC,5E8
BBServer_0HC,2E8
ServerAcessLink_0HD,5E8
BBServer_0HD,2E8
ServerAcessLink_0HE,5E8
BBServer_0HE,2E8
ServerAcessLink_0HF,5E8
BBServer_0HF,2E8
ServerAcessLink_0HG,5E8
BBServer_0HG,2E8
ServerAcessLink_0HH,5E8
BBServer_0HH,2E8
ServerAcessLink_0HI,5E8
BBServer_0HI,2E8
ServerAcessLink_0HJ,5E8
BBServer_0HJ,2E8
ServerAcessLink_0HK,5E8
BBServer_0HK,2E8
ServerAcessLink_0HL,5E8
BBServer_0HL,2E8
ServerAcessLink_0HM,5E8
BBServer_0HM,2E8
ServerAcessLink_0HN,5E8
BBServer_0HN,2E8
ServerAcessLink_0HO,5E8
BBServer_0HO,2E8
ServerAcessLink_0HP,5E8
BBServer_0HP,2E8
ServerAcessLink_0HQ,5E8
BBServer_0HQ,2E8
ServerAcessLink_0HR,5E8
BBServer_0HR,2E8
ServerAcessLink_0HS,5E8
BBServer_0HS,2E8
ServerAcessLink_0HT,5E8
BBServer_0HT,2E8
ServerAcessLink_0HU,5E8
BBServer_0HU,2E8
ServerAcessLink_0HV,5E8
BBServer_0HV,2E8
BB_0H0,2E8
BB_0H1,2E8
BB_0H2,2E8
BB_0H3,2E8
BB_0H4,2E8
BB_0H5,2E8
BB_0H6,2E8
BB_0H7,2E8
BB_0H8,2E8
BB_0H9,2E8
BB_0HA,2E8
BB_0HB,2E8
BB_0HC,2E8
BB_0HD,2E8
BB_0HE,2E8
BB_0HF,2E8
BB_0HG,2E8
BB_0HH,2E8
BB_0HI,2E8
BB_0HJ,2E8
BB_0HK,2E8
BB_0HL,2E8
BB_0HM,2E8
BB_0HN,2E8
BB_0HO,2E8
BB_0HP,2E8
BB_0HQ,2E8
BB_0HR,2E8
BB_0HS,2E8
BB_0HT,2E8
BB_0HU,2E8
BB_0HV,2E8
ServerAcessLink_0I0,5E8
BBServer_0I0,2E8
ServerAcessLink_0I1,5E8
BBServer_0I1,2E8
ServerAcessLink_0I2,5E8
BBServer_0I2,2E8
ServerAcessLink_0I3,5E8
BBServer_0I3,2E8
ServerAcessLink_0I4,5E8
BBServer_0I4,2E8
ServerAcessLink_0I5,5E8
BBServer_0I5,2E8
ServerAcessLink_0I6,5E8
BBServer_0I6,2E8
ServerAcessLink_0I7,5E8
BBServer_0I7,2E8
ServerAcessLink_0I8,5E8
BBServer_0I8,2E8
ServerAcessLink_0I9,5E8
BBServer_0I9,2E8
ServerAcessLink_0IA,5E8
BBServer_0IA,2E8
ServerAcessLink_0IB,5E8
BBServer_0IB,2E8
ServerAcessLink_0IC,5E8
BBServer_0IC,2E8
ServerAcessLink_0ID,5E8
BBServer_0ID,2E8
ServerAcessLink_0IE,5E8
BBServer_0IE,2E8
ServerAcessLink_0IF,5E8
BBServer_0IF,2E8
ServerAcessLink_0IG,5E8
BBServer_0IG,2E8
ServerAcessLink_0IH,5E8
BBServer_0IH,2E8
ServerAcessLink_0II,5E8
BBServer_0II,2E8
ServerAcessLink_0IJ,5E8
BBServer_0IJ,2E8
ServerAcessLink_0IK,5E8
BBServer_0IK,2E8
ServerAcessLink_0IL,5E8
BBServer_0IL,2E8
ServerAcessLink_0IM,5E8
BBServer_0IM,2E8
ServerAcessLink_0IN,5E8
BBServer_0IN,2E8
ServerAcessLink_0IO,5E8
BBServer_0IO,2E8
ServerAcessLink_0IP,5E8
BBServer_0IP,2E8
ServerAcessLink_0IQ,5E8
BBServer_0IQ,2E8
ServerAcessLink_0IR,5E8
BBServer_0IR,2E8
ServerAcessLink_0IS,5E8
BBServer_0IS,2E8
ServerAcessLink_0IT,5E8
BBServer_0IT,2E8
ServerAcessLink_0IU,5E8
BBServer_0IU,2E8
ServerAcessLink_0IV,5E8
BBServer_0IV,2E8
BB_0I0,2E8
BB_0I1,2E8
BB_0I2,2E8
BB_0I3,2E8
BB_0I4,2E8
BB_0I5,2E8
BB_0I6,2E8
BB_0I7,2E8
BB_0I8,2E8
BB_0I9,2E8
BB_0IA,2E8
BB_0IB,2E8
BB_0IC,2E8
BB_0ID,2E8
BB_0IE,2E8
BB_0IF,2E8
BB_0IG,2E8
BB_0IH,2E8
BB_0II,2E8
BB_0IJ,2E8
BB_0IK,2E8
BB_0IL,2E8
BB_0IM,2E8
BB_0IN,2E8
BB_0IO,2E8
BB_0IP,2E8
BB_0IQ,2E8
BB_0IR,2E8
BB_0IS,2E8
BB_0IT,2E8
BB_0IU,2E8
BB_0IV,2E8
ServerAcessLink_0J0,5E8
BBServer_0J0,2E8
ServerAcessLink_0J1,5E8
BBServer_0J1,2E8
ServerAcessLink_0J2,5E8
BBServer_0J2,2E8
ServerAcessLink_0J3,5E8
BBServer_0J3,2E8
ServerAcessLink_0J4,5E8
BBServer_0J4,2E8
ServerAcessLink_0J5,5E8
BBServer_0J5,2E8
ServerAcessLink_0J6,5E8
BBServer_0J6,2E8
ServerAcessLink_0J7,5E8
BBServer_0J7,2E8
ServerAcessLink_0J8,5E8
BBServer_0J8,2E8
ServerAcessLink_0J9,5E8
BBServer_0J9,2E8
ServerAcessLink_0JA,5E8
BBServer_0JA,2E8
ServerAcessLink_0JB,5E8
BBServer_0JB,2E8
ServerAcessLink_0JC,5E8
BBServer_0JC,2E8
ServerAcessLink_0JD,5E8
BBServer_0JD,2E8
ServerAcessLink_0JE,5E8
BBServer_0JE,2E8
ServerAcessLink_0JF,5E8
BBServer_0JF,2E8
ServerAcessLink_0JG,5E8
BBServer_0JG,2E8
ServerAcessLink_0JH,5E8
BBServer_0JH,2E8
ServerAcessLink_0JI,5E8
BBServer_0JI,2E8
ServerAcessLink_0JJ,5E8
BBServer_0JJ,2E8
ServerAcessLink_0JK,5E8
BBServer_0JK,2E8
ServerAcessLink_0JL,5E8
BBServer_0JL,2E8
ServerAcessLink_0JM,5E8
BBServer_0JM,2E8
ServerAcessLink_0JN,5E8
BBServer_0JN,2E8
ServerAcessLink_0JO,5E8
BBServer_0JO,2E8
ServerAcessLink_0JP,5E8
BBServer_0JP,2E8
ServerAcessLink_0JQ,5E8
BBServer_0JQ,2E8
ServerAcessLink_0JR,5E8
BBServer_0JR,2E8
ServerAcessLink_0JS,5E8
BBServer_0JS,2E8
ServerAcessLink_0JT,5E8
BBServer_0JT,2E8
ServerAcessLink_0JU,5E8
BBServer_0JU,2E8
ServerAcessLink_0JV,5E8
BBServer_0JV,2E8
BB_0J0,2E8
BB_0J1,2E8
BB_0J2,2E8
BB_0J3,2E8
BB_0J4,2E8
BB_0J5,2E8
BB_0J6,2E8
BB_0J7,2E8
BB_0J8,2E8
BB_0J9,2E8
BB_0JA,2E8
BB_0JB,2E8
BB_0JC,2E8
BB_0JD,2E8
BB_0JE,2E8
BB_0JF,2E8
BB_0JG,2E8
BB_0JH,2E8
BB_0JI,2E8
BB_0JJ,2E8
BB_0JK,2E8
BB_0JL,2E8
BB_0JM,2E8
BB_0JN,2E8
BB_0JO,2E8
BB_0JP,2E8
BB_0JQ,2E8
BB_0JR,2E8
BB_0JS,2E8
BB_0JT,2E8
BB_0JU,2E8
BB_0JV,2E8
ServerAcessLink_0K0,5E8
BBServer_0K0,2E8
ServerAcessLink_0K1,5E8
BBServer_0K1,2E8
ServerAcessLink_0K2,5E8
BBServer_0K2,2E8
ServerAcessLink_0K3,5E8
BBServer_0K3,2E8
ServerAcessLink_0K4,5E8
BBServer_0K4,2E8
ServerAcessLink_0K5,5E8
BBServer_0K5,2E8
ServerAcessLink_0K6,5E8
BBServer_0K6,2E8
ServerAcessLink_0K7,5E8
BBServer_0K7,2E8
ServerAcessLink_0K8,5E8
BBServer_0K8,2E8
ServerAcessLink_0K9,5E8
BBServer_0K9,2E8
ServerAcessLink_0KA,5E8
BBServer_0KA,2E8
ServerAcessLink_0KB,5E8
BBServer_0KB,2E8
ServerAcessLink_0KC,5E8
BBServer_0KC,2E8
ServerAcessLink_0KD,5E8
BBServer_0KD,2E8
ServerAcessLink_0KE,5E8
BBServer_0KE,2E8
ServerAcessLink_0KF,5E8
BBServer_0KF,2E8
ServerAcessLink_0KG,5E8
BBServer_0KG,2E8
ServerAcessLink_0KH,5E8
BBServer_0KH,2E8
ServerAcessLink_0KI,5E8
BBServer_0KI,2E8
ServerAcessLink_0KJ,5E8
BBServer_0KJ,2E8
ServerAcessLink_0KK,5E8
BBServer_0KK,2E8
ServerAcessLink_0KL,5E8
BBServer_0KL,2E8
ServerAcessLink_0KM,5E8
BBServer_0KM,2E8
ServerAcessLink_0KN,5E8
BBServer_0KN,2E8
ServerAcessLink_0KO,5E8
BBServer_0KO,2E8
ServerAcessLink_0KP,5E8
BBServer_0KP,2E8
ServerAcessLink_0KQ,5E8
BBServer_0KQ,2E8
ServerAcessLink_0KR,5E8
BBServer_0KR,2E8
ServerAcessLink_0KS,5E8
BBServer_0KS,2E8
ServerAcessLink_0KT,5E8
BBServer_0KT,2E8
ServerAcessLink_0KU,5E8
BBServer_0KU,2E8
ServerAcessLink_0KV,5E8
BBServer_0KV,2E8
BB_0K0,2E8
BB_0K1,2E8
BB_0K2,2E8
BB_0K3,2E8
BB_0K4,2E8
BB_0K5,2E8
BB_0K6,2E8
BB_0K7,2E8
BB_0K8,2E8
BB_0K9,2E8
BB_0KA,2E8
BB_0KB,2E8
BB_0KC,2E8
BB_0KD,2E8
BB_0KE,2E8
BB_0KF,2E8
BB_0KG,2E8
BB_0KH,2E8
BB_0KI,2E8
BB_0KJ,2E8
BB_0KK,2E8
BB_0KL,2E8
BB_0KM,2E8
BB_0KN,2E8
BB_0KO,2E8
BB_0KP,2E8
BB_0KQ,2E8
BB_0KR,2E8
BB_0KS,2E8
BB_0KT,2E8
BB_0KU,2E8
BB_0KV,2E8
ServerAcessLink_0L0,5E8
BBServer_0L0,2E8
ServerAcessLink_0L1,5E8
BBServer_0L1,2E8
ServerAcessLink_0L2,5E8
BBServer_0L2,2E8
ServerAcessLink_0L3,5E8
BBServer_0L3,2E8
ServerAcessLink_0L4,5E8
BBServer_0L4,2E8
ServerAcessLink_0L5,5E8
BBServer_0L5,2E8
ServerAcessLink_0L6,5E8
BBServer_0L6,2E8
ServerAcessLink_0L7,5E8
BBServer_0L7,2E8
ServerAcessLink_0L8,5E8
BBServer_0L8,2E8
ServerAcessLink_0L9,5E8
BBServer_0L9,2E8
ServerAcessLink_0LA,5E8
BBServer_0LA,2E8
ServerAcessLink_0LB,5E8
BBServer_0LB,2E8
ServerAcessLink_0LC,5E8
BBServer_0LC,2E8
ServerAcessLink_0LD,5E8
BBServer_0LD,2E8
ServerAcessLink_0LE,5E8
BBServer_0LE,2E8
ServerAcessLink_0LF,5E8
BBServer_0LF,2E8
ServerAcessLink_0LG,5E8
BBServer_0LG,2E8
ServerAcessLink_0LH,5E8
BBServer_0LH,2E8
ServerAcessLink_0LI,5E8
BBServer_0LI,2E8
ServerAcessLink_0LJ,5E8
BBServer_0LJ,2E8
ServerAcessLink_0LK,5E8
BBServer_0LK,2E8
ServerAcessLink_0LL,5E8
BBServer_0LL,2E8
ServerAcessLink_0LM,5E8
BBServer_0LM,2E8
ServerAcessLink_0LN,5E8
BBServer_0LN,2E8
ServerAcessLink_0LO,5E8
BBServer_0LO,2E8
ServerAcessLink_0LP,5E8
BBServer_0LP,2E8
ServerAcessLink_0LQ,5E8
BBServer_0LQ,2E8
ServerAcessLink_0LR,5E8
BBServer_0LR,2E8
ServerAcessLink_0LS,5E8
BBServer_0LS,2E8
ServerAcessLink_0LT,5E8
BBServer_0LT,2E8
ServerAcessLink_0LU,5E8
BBServer_0LU,2E8
ServerAcessLink_0LV,5E8
BBServer_0LV,2E8
BB_0L0,2E8
BB_0L1,2E8
BB_0L2,2E8
BB_0L3,2E8
BB_0L4,2E8
BB_0L5,2E8
BB_0L6,2E8
BB_0L7,2E8
BB_0L8,2E8
BB_0L9,2E8
BB_0LA,2E8
BB_0LB,2E8
BB_0LC,2E8
BB_0LD,2E8
BB_0LE,2E8
BB_0LF,2E8
BB_0LG,2E8
BB_0LH,2E8
BB_0LI,2E8
BB_0LJ,2E8
BB_0LK,2E8
BB_0LL,2E8
BB_0LM,2E8
BB_0LN,2E8
BB_0LO,2E8
BB_0LP,2E8
BB_0LQ,2E8
BB_0LR,2E8
BB_0LS,2E8
BB_0LT,2E8
BB_0LU,2E8
BB_0LV,2E8
ServerAcessLink_0M0,5E8
BBServer_0M0,2E8
ServerAcessLink_0M1,5E8
BBServer_0M1,2E8
ServerAcessLink_0M2,5E8
BBServer_0M2,2E8
ServerAcessLink_0M3,5E8
BBServer_0M3,2E8
ServerAcessLink_0M4,5E8
BBServer_0M4,2E8
ServerAcessLink_0M5,5E8
BBServer_0M5,2E8
ServerAcessLink_0M6,5E8
BBServer_0M6,2E8
ServerAcessLink_0M7,5E8
BBServer_0M7,2E8
ServerAcessLink_0M8,5E8
BBServer_0M8,2E8
ServerAcessLink_0M9,5E8
BBServer_0M9,2E8
ServerAcessLink_0MA,5E8
BBServer_0MA,2E8
ServerAcessLink_0MB,5E8
BBServer_0MB,2E8
ServerAcessLink_0MC,5E8
BBServer_0MC,2E8
ServerAcessLink_0MD,5E8
BBServer_0MD,2E8
ServerAcessLink_0ME,5E8
BBServer_0ME,2E8
ServerAcessLink_0MF,5E8
BBServer_0MF,2E8
ServerAcessLink_0MG,5E8
BBServer_0MG,2E8
ServerAcessLink_0MH,5E8
BBServer_0MH,2E8
ServerAcessLink_0MI,5E8
BBServer_0MI,2E8
ServerAcessLink_0MJ,5E8
BBServer_0MJ,2E8
ServerAcessLink_0MK,5E8
BBServer_0MK,2E8
ServerAcessLink_0ML,5E8
BBServer_0ML,2E8
ServerAcessLink_0MM,5E8
BBServer_0MM,2E8
ServerAcessLink_0MN,5E8
BBServer_0MN,2E8
ServerAcessLink_0MO,5E8
BBServer_0MO,2E8
ServerAcessLink_0MP,5E8
BBServer_0MP,2E8
ServerAcessLink_0MQ,5E8
BBServer_0MQ,2E8
ServerAcessLink_0MR,5E8
BBServer_0MR,2E8
ServerAcessLink_0MS,5E8
BBServer_0MS,2E8
ServerAcessLink_0MT,5E8
BBServer_0MT,2E8
ServerAcessLink_0MU,5E8
BBServer_0MU,2E8
ServerAcessLink_0MV,5E8
BBServer_0MV,2E8
BB_0M0,2E8
BB_0M1,2E8
BB_0M2,2E8
BB_0M3,2E8
BB_0M4,2E8
BB_0M5,2E8
BB_0M6,2E8
BB_0M7,2E8
BB_0M8,2E8
BB_0M9,2E8
BB_0MA,2E8
BB_0MB,2E8
BB_0MC,2E8
BB_0MD,2E8
BB_0ME,2E8
BB_0MF,2E8
BB_0MG,2E8
BB_0MH,2E8
BB_0MI,2E8
BB_0MJ,2E8
BB_0MK,2E8
BB_0ML,2E8
BB_0MM,2E8
BB_0MN,2E8
BB_0MO,2E8
BB_0MP,2E8
BB_0MQ,2E8
BB_0MR,2E8
BB_0MS,2E8
BB_0MT,2E8
BB_0MU,2E8
BB_0MV,2E8
ServerAcessLink_0N0,5E8
BBServer_0N0,2E8
ServerAcessLink_0N1,5E8
BBServer_0N1,2E8
ServerAcessLink_0N2,5E8
BBServer_0N2,2E8
ServerAcessLink_0N3,5E8
BBServer_0N3,2E8
ServerAcessLink_0N4,5E8
BBServer_0N4,2E8
ServerAcessLink_0N5,5E8
BBServer_0N5,2E8
ServerAcessLink_0N6,5E8
BBServer_0N6,2E8
ServerAcessLink_0N7,5E8
BBServer_0N7,2E8
ServerAcessLink_0N8,5E8
BBServer_0N8,2E8
ServerAcessLink_0N9,5E8
BBServer_0N9,2E8
ServerAcessLink_0NA,5E8
BBServer_0NA,2E8
ServerAcessLink_0NB,5E8
BBServer_0NB,2E8
ServerAcessLink_0NC,5E8
BBServer_0NC,2E8
ServerAcessLink_0ND,5E8
BBServer_0ND,2E8
ServerAcessLink_0NE,5E8
BBServer_0NE,2E8
ServerAcessLink_0NF,5E8
BBServer_0NF,2E8
ServerAcessLink_0NG,5E8
BBServer_0NG,2E8
ServerAcessLink_0NH,5E8
BBServer_0NH,2E8
ServerAcessLink_0NI,5E8
BBServer_0NI,2E8
ServerAcessLink_0NJ,5E8
BBServer_0NJ,2E8
ServerAcessLink_0NK,5E8
BBServer_0NK,2E8
ServerAcessLink_0NL,5E8
BBServer_0NL,2E8
ServerAcessLink_0NM,5E8
BBServer_0NM,2E8
ServerAcessLink_0NN,5E8
BBServer_0NN,2E8
ServerAcessLink_0NO,5E8
BBServer_0NO,2E8
ServerAcessLink_0NP,5E8
BBServer_0NP,2E8
ServerAcessLink_0NQ,5E8
BBServer_0NQ,2E8
ServerAcessLink_0NR,5E8
BBServer_0NR,2E8
ServerAcessLink_0NS,5E8
BBServer_0NS,2E8
ServerAcessLink_0NT,5E8
BBServer_0NT,2E8
ServerAcessLink_0NU,5E8
BBServer_0NU,2E8
ServerAcessLink_0NV,5E8
BBServer_0NV,2E8
BB_0N0,2E8
BB_0N1,2E8
BB_0N2,2E8
BB_0N3,2E8
BB_0N4,2E8
BB_0N5,2E8
BB_0N6,2E8
BB_0N7,2E8
BB_0N8,2E8
BB_0N9,2E8
BB_0NA,2E8
BB_0NB,2E8
BB_0NC,2E8
BB_0ND,2E8
BB_0NE,2E8
BB_0NF,2E8
BB_0NG,2E8
BB_0NH,2E8
BB_0NI,2E8
BB_0NJ,2E8
BB_0NK,2E8
BB_0NL,2E8
BB_0NM,2E8
BB_0NN,2E8
BB_0NO,2E8
BB_0NP,2E8
BB_0NQ,2E8
BB_0NR,2E8
BB_0NS,2E8
BB_0NT,2E8
BB_0NU,2E8
BB_0NV,2E8
ServerAcessLink_0O0,5E8
BBServer_0O0,2E8
ServerAcessLink_0O1,5E8
BBServer_0O1,2E8
ServerAcessLink_0O2,5E8
BBServer_0O2,2E8
ServerAcessLink_0O3,5E8
BBServer_0O3,2E8
ServerAcessLink_0O4,5E8
BBServer_0O4,2E8
ServerAcessLink_0O5,5E8
BBServer_0O5,2E8
ServerAcessLink_0O6,5E8
BBServer_0O6,2E8
ServerAcessLink_0O7,5E8
BBServer_0O7,2E8
ServerAcessLink_0O8,5E8
BBServer_0O8,2E8
ServerAcessLink_0O9,5E8
BBServer_0O9,2E8
ServerAcessLink_0OA,5E8
BBServer_0OA,2E8
ServerAcessLink_0OB,5E8
BBServer_0OB,2E8
ServerAcessLink_0OC,5E8
BBServer_0OC,2E8
ServerAcessLink_0OD,5E8
BBServer_0OD,2E8
ServerAcessLink_0OE,5E8
BBServer_0OE,2E8
ServerAcessLink_0OF,5E8
BBServer_0OF,2E8
ServerAcessLink_0OG,5E8
BBServer_0OG,2E8
ServerAcessLink_0OH,5E8
BBServer_0OH,2E8
ServerAcessLink_0OI,5E8
BBServer_0OI,2E8
ServerAcessLink_0OJ,5E8
BBServer_0OJ,2E8
ServerAcessLink_0OK,5E8
BBServer_0OK,2E8
ServerAcessLink_0OL,5E8
BBServer_0OL,2E8
ServerAcessLink_0OM,5E8
BBServer_0OM,2E8
ServerAcessLink_0ON,5E8
BBServer_0ON,2E8
ServerAcessLink_0OO,5E8
BBServer_0OO,2E8
ServerAcessLink_0OP,5E8
BBServer_0OP,2E8
ServerAcessLink_0OQ,5E8
BBServer_0OQ,2E8
ServerAcessLink_0OR,5E8
BBServer_0OR,2E8
ServerAcessLink_0OS,5E8
BBServer_0OS,2E8
ServerAcessLink_0OT,5E8
BBServer_0OT,2E8
ServerAcessLink_0OU,5E8
BBServer_0OU,2E8
ServerAcessLink_0OV,5E8
BBServer_0OV,2E8
BB_0O0,2E8
BB_0O1,2E8
BB_0O2,2E8
BB_0O3,2E8
BB_0O4,2E8
BB_0O5,2E8
BB_0O6,2E8
BB_0O7,2E8
BB_0O8,2E8
BB_0O9,2E8
BB_0OA,2E8
BB_0OB,2E8
BB_0OC,2E8
BB_0OD,2E8
BB_0OE,2E8
BB_0OF,2E8
BB_0OG,2E8
BB_0OH,2E8
BB_0OI,2E8
BB_0OJ,2E8
BB_0OK,2E8
BB_0OL,2E8
BB_0OM,2E8
BB_0ON,2E8
BB_0OO,2E8
BB_0OP,2E8
BB_0OQ,2E8
BB_0OR,2E8
BB_0OS,2E8
BB_0OT,2E8
BB_0OU,2E8
BB_0OV,2E8
ServerAcessLink_0P0,5E8
BBServer_0P0,2E8
ServerAcessLink_0P1,5E8
BBServer_0P1,2E8
ServerAcessLink_0P2,5E8
BBServer_0P2,2E8
ServerAcessLink_0P3,5E8
BBServer_0P3,2E8
ServerAcessLink_0P4,5E8
BBServer_0P4,2E8
ServerAcessLink_0P5,5E8
BBServer_0P5,2E8
ServerAcessLink_0P6,5E8
BBServer_0P6,2E8
ServerAcessLink_0P7,5E8
BBServer_0P7,2E8
ServerAcessLink_0P8,5E8
BBServer_0P8,2E8
ServerAcessLink_0P9,5E8
BBServer_0P9,2E8
ServerAcessLink_0PA,5E8
BBServer_0PA,2E8
ServerAcessLink_0PB,5E8
BBServer_0PB,2E8
ServerAcessLink_0PC,5E8
BBServer_0PC,2E8
ServerAcessLink_0PD,5E8
BBServer_0PD,2E8
ServerAcessLink_0PE,5E8
BBServer_0PE,2E8
ServerAcessLink_0PF,5E8
BBServer_0PF,2E8
ServerAcessLink_0PG,5E8
BBServer_0PG,2E8
ServerAcessLink_0PH,5E8
BBServer_0PH,2E8
ServerAcessLink_0PI,5E8
BBServer_0PI,2E8
ServerAcessLink_0PJ,5E8
BBServer_0PJ,2E8
ServerAcessLink_0PK,5E8
BBServer_0PK,2E8
ServerAcessLink_0PL,5E8
BBServer_0PL,2E8
ServerAcessLink_0PM,5E8
BBServer_0PM,2E8
ServerAcessLink_0PN,5E8
BBServer_0PN,2E8
ServerAcessLink_0PO,5E8
BBServer_0PO,2E8
ServerAcessLink_0PP,5E8
BBServer_0PP,2E8
ServerAcessLink_0PQ,5E8
BBServer_0PQ,2E8
ServerAcessLink_0PR,5E8
BBServer_0PR,2E8
ServerAcessLink_0PS,5E8
BBServer_0PS,2E8
ServerAcessLink_0PT,5E8
BBServer_0PT,2E8
ServerAcessLink_0PU,5E8
BBServer_0PU,2E8
ServerAcessLink_0PV,5E8
BBServer_0PV,2E8
BB_0P0,2E8
BB_0P1,2E8
BB_0P2,2E8
BB_0P3,2E8
BB_0P4,2E8
BB_0P5,2E8
BB_0P6,2E8
BB_0P7,2E8
BB_0P8,2E8
BB_0P9,2E8
BB_0PA,2E8
BB_0PB,2E8
BB_0PC,2E8
BB_0PD,2E8
BB_0PE,2E8
BB_0PF,2E8
BB_0PG,2E8
BB_0PH,2E8
BB_0PI,2E8
BB_0PJ,2E8
BB_0PK,2E8
BB_0PL,2E8
BB_0PM,2E8
BB_0PN,2E8
BB_0PO,2E8
BB_0PP,2E8
BB_0PQ,2E8
BB_0PR,2E8
BB_0PS,2E8
BB_0PT,2E8
BB_0PU,2E8
BB_0PV,2E8
ServerAcessLink_0Q0,5E8
BBServer_0Q0,2E8
ServerAcessLink_0Q1,5E8
BBServer_0Q1,2E8
ServerAcessLink_0Q2,5E8
BBServer_0Q2,2E8
ServerAcessLink_0Q3,5E8
BBServer_0Q3,2E8
ServerAcessLink_0Q4,5E8
BBServer_0Q4,2E8
ServerAcessLink_0Q5,5E8
BBServer_0Q5,2E8
ServerAcessLink_0Q6,5E8
BBServer_0Q6,2E8
ServerAcessLink_0Q7,5E8
BBServer_0Q7,2E8
ServerAcessLink_0Q8,5E8
BBServer_0Q8,2E8
ServerAcessLink_0Q9,5E8
BBServer_0Q9,2E8
ServerAcessLink_0QA,5E8
BBServer_0QA,2E8
ServerAcessLink_0QB,5E8
BBServer_0QB,2E8
ServerAcessLink_0QC,5E8
BBServer_0QC,2E8
ServerAcessLink_0QD,5E8
BBServer_0QD,2E8
ServerAcessLink_0QE,5E8
BBServer_0QE,2E8
ServerAcessLink_0QF,5E8
BBServer_0QF,2E8
ServerAcessLink_0QG,5E8
BBServer_0QG,2E8
ServerAcessLink_0QH,5E8
BBServer_0QH,2E8
ServerAcessLink_0QI,5E8
BBServer_0QI,2E8
ServerAcessLink_0QJ,5E8
BBServer_0QJ,2E8
ServerAcessLink_0QK,5E8
BBServer_0QK,2E8
ServerAcessLink_0QL,5E8
BBServer_0QL,2E8
ServerAcessLink_0QM,5E8
BBServer_0QM,2E8
ServerAcessLink_0QN,5E8
BBServer_0QN,2E8
ServerAcessLink_0QO,5E8
BBServer_0QO,2E8
ServerAcessLink_0QP,5E8
BBServer_0QP,2E8
ServerAcessLink_0QQ,5E8
BBServer_0QQ,2E8
ServerAcessLink_0QR,5E8
BBServer_0QR,2E8
ServerAcessLink_0QS,5E8
BBServer_0QS,2E8
ServerAcessLink_0QT,5E8
BBServer_0QT,2E8
ServerAcessLink_0QU,5E8
BBServer_0QU,2E8
ServerAcessLink_0QV,5E8
BBServer_0QV,2E8
BB_0Q0,2E8
BB_0Q1,2E8
BB_0Q2,2E8
BB_0Q3,2E8
BB_0Q4,2E8
BB_0Q5,2E8
BB_0Q6,2E8
BB_0Q7,2E8
BB_0Q8,2E8
BB_0Q9,2E8
BB_0QA,2E8
BB_0QB,2E8
BB_0QC,2E8
BB_0QD,2E8
BB_0QE,2E8
BB_0QF,2E8
BB_0QG,2E8
BB_0QH,2E8
BB_0QI,2E8
BB_0QJ,2E8
BB_0QK,2E8
BB_0QL,2E8
BB_0QM,2E8
BB_0QN,2E8
BB_0QO,2E8
BB_0QP,2E8
BB_0QQ,2E8
BB_0QR,2E8
BB_0QS,2E8
BB_0QT,2E8
BB_0QU,2E8
BB_0QV,2E8
ServerAcessLink_0R0,5E8
BBServer_0R0,2E8
ServerAcessLink_0R1,5E8
BBServer_0R1,2E8
ServerAcessLink_0R2,5E8
BBServer_0R2,2E8
ServerAcessLink_0R3,5E8
BBServer_0R3,2E8
ServerAcessLink_0R4,5E8
BBServer_0R4,2E8
ServerAcessLink_0R5,5E8
BBServer_0R5,2E8
ServerAcessLink_0R6,5E8
BBServer_0R6,2E8
ServerAcessLink_0R7,5E8
BBServer_0R7,2E8
ServerAcessLink_0R8,5E8
BBServer_0R8,2E8
ServerAcessLink_0R9,5E8
BBServer_0R9,2E8
ServerAcessLink_0RA,5E8
BBServer_0RA,2E8
ServerAcessLink_0RB,5E8
BBServer_0RB,2E8
ServerAcessLink_0RC,5E8
BBServer_0RC,2E8
ServerAcessLink_0RD,5E8
BBServer_0RD,2E8
ServerAcessLink_0RE,5E8
BBServer_0RE,2E8
ServerAcessLink_0RF,5E8
BBServer_0RF,2E8
ServerAcessLink_0RG,5E8
BBServer_0RG,2E8
ServerAcessLink_0RH,5E8
BBServer_0RH,2E8
ServerAcessLink_0RI,5E8
BBServer_0RI,2E8
ServerAcessLink_0RJ,5E8
BBServer_0RJ,2E8
ServerAcessLink_0RK,5E8
BBServer_0RK,2E8
ServerAcessLink_0RL,5E8
BBServer_0RL,2E8
ServerAcessLink_0RM,5E8
BBServer_0RM,2E8
ServerAcessLink_0RN,5E8
BBServer_0RN,2E8
ServerAcessLink_0RO,5E8
BBServer_0RO,2E8
ServerAcessLink_0RP,5E8
BBServer_0RP,2E8
ServerAcessLink_0RQ,5E8
BBServer_0RQ,2E8
ServerAcessLink_0RR,5E8
BBServer_0RR,2E8
ServerAcessLink_0RS,5E8
BBServer_0RS,2E8
ServerAcessLink_0RT,5E8
BBServer_0RT,2E8
ServerAcessLink_0RU,5E8
BBServer_0RU,2E8
ServerAcessLink_0RV,5E8
BBServer_0RV,2E8
BB_0R0,2E8
BB_0R1,2E8
BB_0R2,2E8
BB_0R3,2E8
BB_0R4,2E8
BB_0R5,2E8
BB_0R6,2E8
BB_0R7,2E8
BB_0R8,2E8
BB_0R9,2E8
BB_0RA,2E8
BB_0RB,2E8
BB_0RC,2E8
BB_0RD,2E8
BB_0RE,2E8
BB_0RF,2E8
BB_0RG,2E8
BB_0RH,2E8
BB_0RI,2E8
BB_0RJ,2E8
BB_0RK,2E8
BB_0RL,2E8
BB_0RM,2E8
BB_0RN,2E8
BB_0RO,2E8
BB_0RP,2E8
BB_0RQ,2E8
BB_0RR,2E8
BB_0RS,2E8
BB_0RT,2E8
BB_0RU,2E8
BB_0RV,2E8
ServerAcessLink_0S0,5E8
BBServer_0S0,2E8
ServerAcessLink_0S1,5E8
BBServer_0S1,2E8
ServerAcessLink_0S2,5E8
BBServer_0S2,2E8
ServerAcessLink_0S3,5E8
BBServer_0S3,2E8
ServerAcessLink_0S4,5E8
BBServer_0S4,2E8
ServerAcessLink_0S5,5E8
BBServer_0S5,2E8
ServerAcessLink_0S6,5E8
BBServer_0S6,2E8
ServerAcessLink_0S7,5E8
BBServer_0S7,2E8
ServerAcessLink_0S8,5E8
BBServer_0S8,2E8
ServerAcessLink_0S9,5E8
BBServer_0S9,2E8
ServerAcessLink_0SA,5E8
BBServer_0SA,2E8
ServerAcessLink_0SB,5E8
BBServer_0SB,2E8
ServerAcessLink_0SC,5E8
BBServer_0SC,2E8
ServerAcessLink_0SD,5E8
BBServer_0SD,2E8
ServerAcessLink_0SE,5E8
BBServer_0SE,2E8
ServerAcessLink_0SF,5E8
BBServer_0SF,2E8
ServerAcessLink_0SG,5E8
BBServer_0SG,2E8
ServerAcessLink_0SH,5E8
BBServer_0SH,2E8
ServerAcessLink_0SI,5E8
BBServer_0SI,2E8
ServerAcessLink_0SJ,5E8
BBServer_0SJ,2E8
ServerAcessLink_0SK,5E8
BBServer_0SK,2E8
ServerAcessLink_0SL,5E8
BBServer_0SL,2E8
ServerAcessLink_0SM,5E8
BBServer_0SM,2E8
ServerAcessLink_0SN,5E8
BBServer_0SN,2E8
ServerAcessLink_0SO,5E8
BBServer_0SO,2E8
ServerAcessLink_0SP,5E8
BBServer_0SP,2E8
ServerAcessLink_0SQ,5E8
BBServer_0SQ,2E8
ServerAcessLink_0SR,5E8
BBServer_0SR,2E8
ServerAcessLink_0SS,5E8
BBServer_0SS,2E8
ServerAcessLink_0ST,5E8
BBServer_0ST,2E8
ServerAcessLink_0SU,5E8
BBServer_0SU,2E8
ServerAcessLink_0SV,5E8
BBServer_0SV,2E8
BB_0S0,2E8
BB_0S1,2E8
BB_0S2,2E8
BB_0S3,2E8
BB_0S4,2E8
BB_0S5,2E8
BB_0S6,2E8
BB_0S7,2E8
BB_0S8,2E8
BB_0S9,2E8
BB_0SA,2E8
BB_0SB,2E8
BB_0SC,2E8
BB_0SD,2E8
BB_0SE,2E8
BB_0SF,2E8
BB_0SG,2E8
BB_0SH,2E8
BB_0SI,2E8
BB_0SJ,2E8
BB_0SK,2E8
BB_0SL,2E8
BB_0SM,2E8
BB_0SN,2E8
BB_0SO,2E8
BB_0SP,2E8
BB_0SQ,2E8
BB_0SR,2E8
BB_0SS,2E8
BB_0ST,2E8
BB_0SU,2E8
BB_0SV,2E8
ServerAcessLink_0T0,5E8
BBServer_0T0,2E8
ServerAcessLink_0T1,5E8
BBServer_0T1,2E8
ServerAcessLink_0T2,5E8
BBServer_0T2,2E8
ServerAcessLink_0T3,5E8
BBServer_0T3,2E8
ServerAcessLink_0T4,5E8
BBServer_0T4,2E8
ServerAcessLink_0T5,5E8
BBServer_0T5,2E8
ServerAcessLink_0T6,5E8
BBServer_0T6,2E8
ServerAcessLink_0T7,5E8
BBServer_0T7,2E8
ServerAcessLink_0T8,5E8
BBServer_0T8,2E8
ServerAcessLink_0T9,5E8
BBServer_0T9,2E8
ServerAcessLink_0TA,5E8
BBServer_0TA,2E8
ServerAcessLink_0TB,5E8
BBServer_0TB,2E8
ServerAcessLink_0TC,5E8
BBServer_0TC,2E8
ServerAcessLink_0TD,5E8
BBServer_0TD,2E8
ServerAcessLink_0TE,5E8
BBServer_0TE,2E8
ServerAcessLink_0TF,5E8
BBServer_0TF,2E8
ServerAcessLink_0TG,5E8
BBServer_0TG,2E8
ServerAcessLink_0TH,5E8
BBServer_0TH,2E8
ServerAcessLink_0TI,5E8
BBServer_0TI,2E8
ServerAcessLink_0TJ,5E8
BBServer_0TJ,2E8
ServerAcessLink_0TK,5E8
BBServer_0TK,2E8
ServerAcessLink_0TL,5E8
BBServer_0TL,2E8
ServerAcessLink_0TM,5E8
BBServer_0TM,2E8
ServerAcessLink_0TN,5E8
BBServer_0TN,2E8
ServerAcessLink_0TO,5E8
BBServer_0TO,2E8
ServerAcessLink_0TP,5E8
BBServer_0TP,2E8
ServerAcessLink_0TQ,5E8
BBServer_0TQ,2E8
ServerAcessLink_0TR,5E8
BBServer_0TR,2E8
ServerAcessLink_0TS,5E8
BBServer_0TS,2E8
ServerAcessLink_0TT,5E8
BBServer_0TT,2E8
ServerAcessLink_0TU,5E8
BBServer_0TU,2E8
ServerAcessLink_0TV,5E8
BBServer_0TV,2E8
BB_0T0,2E8
BB_0T1,2E8
BB_0T2,2E8
BB_0T3,2E8
BB_0T4,2E8
BB_0T5,2E8
BB_0T6,2E8
BB_0T7,2E8
BB_0T8,2E8
BB_0T9,2E8
BB_0TA,2E8
BB_0TB,2E8
BB_0TC,2E8
BB_0TD,2E8
BB_0TE,2E8
BB_0TF,2E8
BB_0TG,2E8
BB_0TH,2E8
BB_0TI,2E8
BB_0TJ,2E8
BB_0TK,2E8
BB_0TL,2E8
BB_0TM,2E8
BB_0TN,2E8
BB_0TO,2E8
BB_0TP,2E8
BB_0TQ,2E8
BB_0TR,2E8
BB_0TS,2E8
BB_0TT,2E8
BB_0TU,2E8
BB_0TV,2E8
ServerAcessLink_0U0,5E8
BBServer_0U0,2E8
ServerAcessLink_0U1,5E8
BBServer_0U1,2E8
ServerAcessLink_0U2,5E8
BBServer_0U2,2E8
ServerAcessLink_0U3,5E8
BBServer_0U3,2E8
ServerAcessLink_0U4,5E8
BBServer_0U4,2E8
ServerAcessLink_0U5,5E8
BBServer_0U5,2E8
ServerAcessLink_0U6,5E8
BBServer_0U6,2E8
ServerAcessLink_0U7,5E8
BBServer_0U7,2E8
ServerAcessLink_0U8,5E8
BBServer_0U8,2E8
ServerAcessLink_0U9,5E8
BBServer_0U9,2E8
ServerAcessLink_0UA,5E8
BBServer_0UA,2E8
ServerAcessLink_0UB,5E8
BBServer_0UB,2E8
ServerAcessLink_0UC,5E8
BBServer_0UC,2E8
ServerAcessLink_0UD,5E8
BBServer_0UD,2E8
ServerAcessLink_0UE,5E8
BBServer_0UE,2E8
ServerAcessLink_0UF,5E8
BBServer_0UF,2E8
ServerAcessLink_0UG,5E8
BBServer_0UG,2E8
ServerAcessLink_0UH,5E8
BBServer_0UH,2E8
ServerAcessLink_0UI,5E8
BBServer_0UI,2E8
ServerAcessLink_0UJ,5E8
BBServer_0UJ,2E8
ServerAcessLink_0UK,5E8
BBServer_0UK,2E8
ServerAcessLink_0UL,5E8
BBServer_0UL,2E8
ServerAcessLink_0UM,5E8
BBServer_0UM,2E8
ServerAcessLink_0UN,5E8
BBServer_0UN,2E8
ServerAcessLink_0UO,5E8
BBServer_0UO,2E8
ServerAcessLink_0UP,5E8
BBServer_0UP,2E8
ServerAcessLink_0UQ,5E8
BBServer_0UQ,2E8
ServerAcessLink_0UR,5E8
BBServer_0UR,2E8
ServerAcessLink_0US,5E8
BBServer_0US,2E8
ServerAcessLink_0UT,5E8
BBServer_0UT,2E8
ServerAcessLink_0UU,5E8
BBServer_0UU,2E8
ServerAcessLink_0UV,5E8
BBServer_0UV,2E8
BB_0U0,2E8
BB_0U1,2E8
BB_0U2,2E8
BB_0U3,2E8
BB_0U4,2E8
BB_0U5,2E8
BB_0U6,2E8
BB_0U7,2E8
BB_0U8,2E8
BB_0U9,2E8
BB_0UA,2E8
BB_0UB,2E8
BB_0UC,2E8
BB_0UD,2E8
BB_0UE,2E8
BB_0UF,2E8
BB_0UG,2E8
BB_0UH,2E8
BB_0UI,2E8
BB_0UJ,2E8
BB_0UK,2E8
BB_0UL,2E8
BB_0UM,2E8
BB_0UN,2E8
BB_0UO,2E8
BB_0UP,2E8
BB_0UQ,2E8
BB_0UR,2E8
BB_0US,2E8
BB_0UT,2E8
BB_0UU,2E8
BB_0UV,2E8
ServerAcessLink_0V0,5E8
BBServer_0V0,2E8
ServerAcessLink_0V1,5E8
BBServer_0V1,2E8
ServerAcessLink_0V2,5E8
BBServer_0V2,2E8
ServerAcessLink_0V3,5E8
BBServer_0V3,2E8
ServerAcessLink_0V4,5E8
BBServer_0V4,2E8
ServerAcessLink_0V5,5E8
BBServer_0V5,2E8
ServerAcessLink_0V6,5E8
BBServer_0V6,2E8
ServerAcessLink_0V7,5E8
BBServer_0V7,2E8
ServerAcessLink_0V8,5E8
BBServer_0V8,2E8
ServerAcessLink_0V9,5E8
BBServer_0V9,2E8
ServerAcessLink_0VA,5E8
BBServer_0VA,2E8
ServerAcessLink_0VB,5E8
BBServer_0VB,2E8
ServerAcessLink_0VC,5E8
BBServer_0VC,2E8
ServerAcessLink_0VD,5E8
BBServer_0VD,2E8
ServerAcessLink_0VE,5E8
BBServer_0VE,2E8
ServerAcessLink_0VF,5E8
BBServer_0VF,2E8
ServerAcessLink_0VG,5E8
BBServer_0VG,2E8
ServerAcessLink_0VH,5E8
BBServer_0VH,2E8
ServerAcessLink_0VI,5E8
BBServer_0VI,2E8
ServerAcessLink_0VJ,5E8
BBServer_0VJ,2E8
ServerAcessLink_0VK,5E8
BBServer_0VK,2E8
ServerAcessLink_0VL,5E8
BBServer_0VL,2E8
ServerAcessLink_0VM,5E8
BBServer_0VM,2E8
ServerAcessLink_0VN,5E8
BBServer_0VN,2E8
ServerAcessLink_0VO,5E8
BBServer_0VO,2E8
ServerAcessLink_0VP,5E8
BBServer_0VP,2E8
ServerAcessLink_0VQ,5E8
BBServer_0VQ,2E8
ServerAcessLink_0VR,5E8
BBServer_0VR,2E8
ServerAcessLink_0VS,5E8
BBServer_0VS,2E8
ServerAcessLink_0VT,5E8
BBServer_0VT,2E8
ServerAcessLink_0VU,5E8
BBServer_0VU,2E8
ServerAcessLink_0VV,5E8
BBServer_0VV,2E8
BB_0V0,2E8
BB_0V1,2E8
BB_0V2,2E8
BB_0V3,2E8
BB_0V4,2E8
BB_0V5,2E8
BB_0V6,2E8
BB_0V7,2E8
BB_0V8,2E8
BB_0V9,2E8
BB_0VA,2E8
BB_0VB,2E8
BB_0VC,2E8
BB_0VD,2E8
BB_0VE,2E8
BB_0VF,2E8
BB_0VG,2E8
BB_0VH,2E8
BB_0VI,2E8
BB_0VJ,2E8
BB_0VK,2E8
BB_0VL,2E8
BB_0VM,2E8
BB_0VN,2E8
BB_0VO,2E8
BB_0VP,2E8
BB_0VQ,2E8
BB_0VR,2E8
BB_0VS,2E8
BB_0VT,2E8
BB_0VU,2E8
BB_0VV,2E8
BB_00,2E8
BB_01,2E8
BB_02,2E8
BB_03,2E8
BB_04,2E8
BB_05,2E8
BB_06,2E8
BB_07,2E8
BB_08,2E8
BB_09,2E8
BB_0A,2E8
BB_0B,2E8
BB_0C,2E8
BB_0D,2E8
BB_0E,2E8
BB_0F,2E8
BB_0G,2E8
BB_0H,2E8
BB_0I,2E8
BB_0J,2E8
BB_0K,2E8
BB_0L,2E8
BB_0M,2E8
BB_0N,2E8
BB_0O,2E8
BB_0P,2E8
BB_0Q,2E8
BB_0R,2E8
BB_0S,2E8
BB_0T,2E8
BB_0U,2E8
BB_0V,2E8
