Server_000 	0
Server_001 	1
Server_002 	2
Server_003 	3
Server_004 	4
Server_005 	5
Server_006 	6
Server_007 	7
Server_008 	8
Server_009 	9
Server_00A 	10
Server_00B 	11
Server_00C 	12
Server_00D 	13
Server_00E 	14
Server_00F 	15
Server_00G 	16
Server_00H 	17
Server_00I 	18
Server_00J 	19
Server_00K 	20
Server_00L 	21
Server_00M 	22
Server_00N 	23
Server_00O 	24
Server_00P 	25
Server_00Q 	26
Server_00R 	27
Server_00S 	28
Server_00T 	29
Server_00U 	30
Server_00V 	31
Server_010 	32
Server_011 	33
Server_012 	34
Server_013 	35
Server_014 	36
Server_015 	37
Server_016 	38
Server_017 	39
Server_018 	40
Server_019 	41
Server_01A 	42
Server_01B 	43
Server_01C 	44
Server_01D 	45
Server_01E 	46
Server_01F 	47
Server_01G 	48
Server_01H 	49
Server_01I 	50
Server_01J 	51
Server_01K 	52
Server_01L 	53
Server_01M 	54
Server_01N 	55
Server_01O 	56
Server_01P 	57
Server_01Q 	58
Server_01R 	59
Server_01S 	60
Server_01T 	61
Server_01U 	62
Server_01V 	63
Server_020 	64
Server_021 	65
Server_022 	66
Server_023 	67
Server_024 	68
Server_025 	69
Server_026 	70
Server_027 	71
Server_028 	72
Server_029 	73
Server_02A 	74
Server_02B 	75
Server_02C 	76
Server_02D 	77
Server_02E 	78
Server_02F 	79
Server_02G 	80
Server_02H 	81
Server_02I 	82
Server_02J 	83
Server_02K 	84
Server_02L 	85
Server_02M 	86
Server_02N 	87
Server_02O 	88
Server_02P 	89
Server_02Q 	90
Server_02R 	91
Server_02S 	92
Server_02T 	93
Server_02U 	94
Server_02V 	95
Server_030 	96
Server_031 	97
Server_032 	98
Server_033 	99
Server_034 	100
Server_035 	101
Server_036 	102
Server_037 	103
Server_038 	104
Server_039 	105
Server_03A 	106
Server_03B 	107
Server_03C 	108
Server_03D 	109
Server_03E 	110
Server_03F 	111
Server_03G 	112
Server_03H 	113
Server_03I 	114
Server_03J 	115
Server_03K 	116
Server_03L 	117
Server_03M 	118
Server_03N 	119
Server_03O 	120
Server_03P 	121
Server_03Q 	122
Server_03R 	123
Server_03S 	124
Server_03T 	125
Server_03U 	126
Server_03V 	127
Server_040 	128
Server_041 	129
Server_042 	130
Server_043 	131
Server_044 	132
Server_045 	133
Server_046 	134
Server_047 	135
Server_048 	136
Server_049 	137
Server_04A 	138
Server_04B 	139
Server_04C 	140
Server_04D 	141
Server_04E 	142
Server_04F 	143
Server_04G 	144
Server_04H 	145
Server_04I 	146
Server_04J 	147
Server_04K 	148
Server_04L 	149
Server_04M 	150
Server_04N 	151
Server_04O 	152
Server_04P 	153
Server_04Q 	154
Server_04R 	155
Server_04S 	156
Server_04T 	157
Server_04U 	158
Server_04V 	159
Server_050 	160
Server_051 	161
Server_052 	162
Server_053 	163
Server_054 	164
Server_055 	165
Server_056 	166
Server_057 	167
Server_058 	168
Server_059 	169
Server_05A 	170
Server_05B 	171
Server_05C 	172
Server_05D 	173
Server_05E 	174
Server_05F 	175
Server_05G 	176
Server_05H 	177
Server_05I 	178
Server_05J 	179
Server_05K 	180
Server_05L 	181
Server_05M 	182
Server_05N 	183
Server_05O 	184
Server_05P 	185
Server_05Q 	186
Server_05R 	187
Server_05S 	188
Server_05T 	189
Server_05U 	190
Server_05V 	191
Server_060 	192
Server_061 	193
Server_062 	194
Server_063 	195
Server_064 	196
Server_065 	197
Server_066 	198
Server_067 	199
Server_068 	200
Server_069 	201
Server_06A 	202
Server_06B 	203
Server_06C 	204
Server_06D 	205
Server_06E 	206
Server_06F 	207
Server_06G 	208
Server_06H 	209
Server_06I 	210
Server_06J 	211
Server_06K 	212
Server_06L 	213
Server_06M 	214
Server_06N 	215
Server_06O 	216
Server_06P 	217
Server_06Q 	218
Server_06R 	219
Server_06S 	220
Server_06T 	221
Server_06U 	222
Server_06V 	223
Server_070 	224
Server_071 	225
Server_072 	226
Server_073 	227
Server_074 	228
Server_075 	229
Server_076 	230
Server_077 	231
Server_078 	232
Server_079 	233
Server_07A 	234
Server_07B 	235
Server_07C 	236
Server_07D 	237
Server_07E 	238
Server_07F 	239
Server_07G 	240
Server_07H 	241
Server_07I 	242
Server_07J 	243
Server_07K 	244
Server_07L 	245
Server_07M 	246
Server_07N 	247
Server_07O 	248
Server_07P 	249
Server_07Q 	250
Server_07R 	251
Server_07S 	252
Server_07T 	253
Server_07U 	254
Server_07V 	255
Server_080 	256
Server_081 	257
Server_082 	258
Server_083 	259
Server_084 	260
Server_085 	261
Server_086 	262
Server_087 	263
Server_088 	264
Server_089 	265
Server_08A 	266
Server_08B 	267
Server_08C 	268
Server_08D 	269
Server_08E 	270
Server_08F 	271
Server_08G 	272
Server_08H 	273
Server_08I 	274
Server_08J 	275
Server_08K 	276
Server_08L 	277
Server_08M 	278
Server_08N 	279
Server_08O 	280
Server_08P 	281
Server_08Q 	282
Server_08R 	283
Server_08S 	284
Server_08T 	285
Server_08U 	286
Server_08V 	287
Server_090 	288
Server_091 	289
Server_092 	290
Server_093 	291
Server_094 	292
Server_095 	293
Server_096 	294
Server_097 	295
Server_098 	296
Server_099 	297
Server_09A 	298
Server_09B 	299
Server_09C 	300
Server_09D 	301
Server_09E 	302
Server_09F 	303
Server_09G 	304
Server_09H 	305
Server_09I 	306
Server_09J 	307
Server_09K 	308
Server_09L 	309
Server_09M 	310
Server_09N 	311
Server_09O 	312
Server_09P 	313
Server_09Q 	314
Server_09R 	315
Server_09S 	316
Server_09T 	317
Server_09U 	318
Server_09V 	319
Server_0A0 	320
Server_0A1 	321
Server_0A2 	322
Server_0A3 	323
Server_0A4 	324
Server_0A5 	325
Server_0A6 	326
Server_0A7 	327
Server_0A8 	328
Server_0A9 	329
Server_0AA 	330
Server_0AB 	331
Server_0AC 	332
Server_0AD 	333
Server_0AE 	334
Server_0AF 	335
Server_0AG 	336
Server_0AH 	337
Server_0AI 	338
Server_0AJ 	339
Server_0AK 	340
Server_0AL 	341
Server_0AM 	342
Server_0AN 	343
Server_0AO 	344
Server_0AP 	345
Server_0AQ 	346
Server_0AR 	347
Server_0AS 	348
Server_0AT 	349
Server_0AU 	350
Server_0AV 	351
Server_0B0 	352
Server_0B1 	353
Server_0B2 	354
Server_0B3 	355
Server_0B4 	356
Server_0B5 	357
Server_0B6 	358
Server_0B7 	359
Server_0B8 	360
Server_0B9 	361
Server_0BA 	362
Server_0BB 	363
Server_0BC 	364
Server_0BD 	365
Server_0BE 	366
Server_0BF 	367
Server_0BG 	368
Server_0BH 	369
Server_0BI 	370
Server_0BJ 	371
Server_0BK 	372
Server_0BL 	373
Server_0BM 	374
Server_0BN 	375
Server_0BO 	376
Server_0BP 	377
Server_0BQ 	378
Server_0BR 	379
Server_0BS 	380
Server_0BT 	381
Server_0BU 	382
Server_0BV 	383
Server_0C0 	384
Server_0C1 	385
Server_0C2 	386
Server_0C3 	387
Server_0C4 	388
Server_0C5 	389
Server_0C6 	390
Server_0C7 	391
Server_0C8 	392
Server_0C9 	393
Server_0CA 	394
Server_0CB 	395
Server_0CC 	396
Server_0CD 	397
Server_0CE 	398
Server_0CF 	399
Server_0CG 	400
Server_0CH 	401
Server_0CI 	402
Server_0CJ 	403
Server_0CK 	404
Server_0CL 	405
Server_0CM 	406
Server_0CN 	407
Server_0CO 	408
Server_0CP 	409
Server_0CQ 	410
Server_0CR 	411
Server_0CS 	412
Server_0CT 	413
Server_0CU 	414
Server_0CV 	415
Server_0D0 	416
Server_0D1 	417
Server_0D2 	418
Server_0D3 	419
Server_0D4 	420
Server_0D5 	421
Server_0D6 	422
Server_0D7 	423
Server_0D8 	424
Server_0D9 	425
Server_0DA 	426
Server_0DB 	427
Server_0DC 	428
Server_0DD 	429
Server_0DE 	430
Server_0DF 	431
Server_0DG 	432
Server_0DH 	433
Server_0DI 	434
Server_0DJ 	435
Server_0DK 	436
Server_0DL 	437
Server_0DM 	438
Server_0DN 	439
Server_0DO 	440
Server_0DP 	441
Server_0DQ 	442
Server_0DR 	443
Server_0DS 	444
Server_0DT 	445
Server_0DU 	446
Server_0DV 	447
Server_0E0 	448
Server_0E1 	449
Server_0E2 	450
Server_0E3 	451
Server_0E4 	452
Server_0E5 	453
Server_0E6 	454
Server_0E7 	455
Server_0E8 	456
Server_0E9 	457
Server_0EA 	458
Server_0EB 	459
Server_0EC 	460
Server_0ED 	461
Server_0EE 	462
Server_0EF 	463
Server_0EG 	464
Server_0EH 	465
Server_0EI 	466
Server_0EJ 	467
Server_0EK 	468
Server_0EL 	469
Server_0EM 	470
Server_0EN 	471
Server_0EO 	472
Server_0EP 	473
Server_0EQ 	474
Server_0ER 	475
Server_0ES 	476
Server_0ET 	477
Server_0EU 	478
Server_0EV 	479
Server_0F0 	480
Server_0F1 	481
Server_0F2 	482
Server_0F3 	483
Server_0F4 	484
Server_0F5 	485
Server_0F6 	486
Server_0F7 	487
Server_0F8 	488
Server_0F9 	489
Server_0FA 	490
Server_0FB 	491
Server_0FC 	492
Server_0FD 	493
Server_0FE 	494
Server_0FF 	495
Server_0FG 	496
Server_0FH 	497
Server_0FI 	498
Server_0FJ 	499
Server_0FK 	500
Server_0FL 	501
Server_0FM 	502
Server_0FN 	503
Server_0FO 	504
Server_0FP 	505
Server_0FQ 	506
Server_0FR 	507
Server_0FS 	508
Server_0FT 	509
Server_0FU 	510
Server_0FV 	511
Server_0G0 	512
Server_0G1 	513
Server_0G2 	514
Server_0G3 	515
Server_0G4 	516
Server_0G5 	517
Server_0G6 	518
Server_0G7 	519
Server_0G8 	520
Server_0G9 	521
Server_0GA 	522
Server_0GB 	523
Server_0GC 	524
Server_0GD 	525
Server_0GE 	526
Server_0GF 	527
Server_0GG 	528
Server_0GH 	529
Server_0GI 	530
Server_0GJ 	531
Server_0GK 	532
Server_0GL 	533
Server_0GM 	534
Server_0GN 	535
Server_0GO 	536
Server_0GP 	537
Server_0GQ 	538
Server_0GR 	539
Server_0GS 	540
Server_0GT 	541
Server_0GU 	542
Server_0GV 	543
Server_0H0 	544
Server_0H1 	545
Server_0H2 	546
Server_0H3 	547
Server_0H4 	548
Server_0H5 	549
Server_0H6 	550
Server_0H7 	551
Server_0H8 	552
Server_0H9 	553
Server_0HA 	554
Server_0HB 	555
Server_0HC 	556
Server_0HD 	557
Server_0HE 	558
Server_0HF 	559
Server_0HG 	560
Server_0HH 	561
Server_0HI 	562
Server_0HJ 	563
Server_0HK 	564
Server_0HL 	565
Server_0HM 	566
Server_0HN 	567
Server_0HO 	568
Server_0HP 	569
Server_0HQ 	570
Server_0HR 	571
Server_0HS 	572
Server_0HT 	573
Server_0HU 	574
Server_0HV 	575
Server_0I0 	576
Server_0I1 	577
Server_0I2 	578
Server_0I3 	579
Server_0I4 	580
Server_0I5 	581
Server_0I6 	582
Server_0I7 	583
Server_0I8 	584
Server_0I9 	585
Server_0IA 	586
Server_0IB 	587
Server_0IC 	588
Server_0ID 	589
Server_0IE 	590
Server_0IF 	591
Server_0IG 	592
Server_0IH 	593
Server_0II 	594
Server_0IJ 	595
Server_0IK 	596
Server_0IL 	597
Server_0IM 	598
Server_0IN 	599
Server_0IO 	600
Server_0IP 	601
Server_0IQ 	602
Server_0IR 	603
Server_0IS 	604
Server_0IT 	605
Server_0IU 	606
Server_0IV 	607
Server_0J0 	608
Server_0J1 	609
Server_0J2 	610
Server_0J3 	611
Server_0J4 	612
Server_0J5 	613
Server_0J6 	614
Server_0J7 	615
Server_0J8 	616
Server_0J9 	617
Server_0JA 	618
Server_0JB 	619
Server_0JC 	620
Server_0JD 	621
Server_0JE 	622
Server_0JF 	623
Server_0JG 	624
Server_0JH 	625
Server_0JI 	626
Server_0JJ 	627
Server_0JK 	628
Server_0JL 	629
Server_0JM 	630
Server_0JN 	631
Server_0JO 	632
Server_0JP 	633
Server_0JQ 	634
Server_0JR 	635
Server_0JS 	636
Server_0JT 	637
Server_0JU 	638
Server_0JV 	639
Server_0K0 	640
Server_0K1 	641
Server_0K2 	642
Server_0K3 	643
Server_0K4 	644
Server_0K5 	645
Server_0K6 	646
Server_0K7 	647
Server_0K8 	648
Server_0K9 	649
Server_0KA 	650
Server_0KB 	651
Server_0KC 	652
Server_0KD 	653
Server_0KE 	654
Server_0KF 	655
Server_0KG 	656
Server_0KH 	657
Server_0KI 	658
Server_0KJ 	659
Server_0KK 	660
Server_0KL 	661
Server_0KM 	662
Server_0KN 	663
Server_0KO 	664
Server_0KP 	665
Server_0KQ 	666
Server_0KR 	667
Server_0KS 	668
Server_0KT 	669
Server_0KU 	670
Server_0KV 	671
Server_0L0 	672
Server_0L1 	673
Server_0L2 	674
Server_0L3 	675
Server_0L4 	676
Server_0L5 	677
Server_0L6 	678
Server_0L7 	679
Server_0L8 	680
Server_0L9 	681
Server_0LA 	682
Server_0LB 	683
Server_0LC 	684
Server_0LD 	685
Server_0LE 	686
Server_0LF 	687
Server_0LG 	688
Server_0LH 	689
Server_0LI 	690
Server_0LJ 	691
Server_0LK 	692
Server_0LL 	693
Server_0LM 	694
Server_0LN 	695
Server_0LO 	696
Server_0LP 	697
Server_0LQ 	698
Server_0LR 	699
Server_0LS 	700
Server_0LT 	701
Server_0LU 	702
Server_0LV 	703
Server_0M0 	704
Server_0M1 	705
Server_0M2 	706
Server_0M3 	707
Server_0M4 	708
Server_0M5 	709
Server_0M6 	710
Server_0M7 	711
Server_0M8 	712
Server_0M9 	713
Server_0MA 	714
Server_0MB 	715
Server_0MC 	716
Server_0MD 	717
Server_0ME 	718
Server_0MF 	719
Server_0MG 	720
Server_0MH 	721
Server_0MI 	722
Server_0MJ 	723
Server_0MK 	724
Server_0ML 	725
Server_0MM 	726
Server_0MN 	727
Server_0MO 	728
Server_0MP 	729
Server_0MQ 	730
Server_0MR 	731
Server_0MS 	732
Server_0MT 	733
Server_0MU 	734
Server_0MV 	735
Server_0N0 	736
Server_0N1 	737
Server_0N2 	738
Server_0N3 	739
Server_0N4 	740
Server_0N5 	741
Server_0N6 	742
Server_0N7 	743
Server_0N8 	744
Server_0N9 	745
Server_0NA 	746
Server_0NB 	747
Server_0NC 	748
Server_0ND 	749
Server_0NE 	750
Server_0NF 	751
Server_0NG 	752
Server_0NH 	753
Server_0NI 	754
Server_0NJ 	755
Server_0NK 	756
Server_0NL 	757
Server_0NM 	758
Server_0NN 	759
Server_0NO 	760
Server_0NP 	761
Server_0NQ 	762
Server_0NR 	763
Server_0NS 	764
Server_0NT 	765
Server_0NU 	766
Server_0NV 	767
Server_0O0 	768
Server_0O1 	769
Server_0O2 	770
Server_0O3 	771
Server_0O4 	772
Server_0O5 	773
Server_0O6 	774
Server_0O7 	775
Server_0O8 	776
Server_0O9 	777
Server_0OA 	778
Server_0OB 	779
Server_0OC 	780
Server_0OD 	781
Server_0OE 	782
Server_0OF 	783
Server_0OG 	784
Server_0OH 	785
Server_0OI 	786
Server_0OJ 	787
Server_0OK 	788
Server_0OL 	789
Server_0OM 	790
Server_0ON 	791
Server_0OO 	792
Server_0OP 	793
Server_0OQ 	794
Server_0OR 	795
Server_0OS 	796
Server_0OT 	797
Server_0OU 	798
Server_0OV 	799
Server_0P0 	800
Server_0P1 	801
Server_0P2 	802
Server_0P3 	803
Server_0P4 	804
Server_0P5 	805
Server_0P6 	806
Server_0P7 	807
Server_0P8 	808
Server_0P9 	809
Server_0PA 	810
Server_0PB 	811
Server_0PC 	812
Server_0PD 	813
Server_0PE 	814
Server_0PF 	815
Server_0PG 	816
Server_0PH 	817
Server_0PI 	818
Server_0PJ 	819
Server_0PK 	820
Server_0PL 	821
Server_0PM 	822
Server_0PN 	823
Server_0PO 	824
Server_0PP 	825
Server_0PQ 	826
Server_0PR 	827
Server_0PS 	828
Server_0PT 	829
Server_0PU 	830
Server_0PV 	831
Server_0Q0 	832
Server_0Q1 	833
Server_0Q2 	834
Server_0Q3 	835
Server_0Q4 	836
Server_0Q5 	837
Server_0Q6 	838
Server_0Q7 	839
Server_0Q8 	840
Server_0Q9 	841
Server_0QA 	842
Server_0QB 	843
Server_0QC 	844
Server_0QD 	845
Server_0QE 	846
Server_0QF 	847
Server_0QG 	848
Server_0QH 	849
Server_0QI 	850
Server_0QJ 	851
Server_0QK 	852
Server_0QL 	853
Server_0QM 	854
Server_0QN 	855
Server_0QO 	856
Server_0QP 	857
Server_0QQ 	858
Server_0QR 	859
Server_0QS 	860
Server_0QT 	861
Server_0QU 	862
Server_0QV 	863
Server_0R0 	864
Server_0R1 	865
Server_0R2 	866
Server_0R3 	867
Server_0R4 	868
Server_0R5 	869
Server_0R6 	870
Server_0R7 	871
Server_0R8 	872
Server_0R9 	873
Server_0RA 	874
Server_0RB 	875
Server_0RC 	876
Server_0RD 	877
Server_0RE 	878
Server_0RF 	879
Server_0RG 	880
Server_0RH 	881
Server_0RI 	882
Server_0RJ 	883
Server_0RK 	884
Server_0RL 	885
Server_0RM 	886
Server_0RN 	887
Server_0RO 	888
Server_0RP 	889
Server_0RQ 	890
Server_0RR 	891
Server_0RS 	892
Server_0RT 	893
Server_0RU 	894
Server_0RV 	895
Server_0S0 	896
Server_0S1 	897
Server_0S2 	898
Server_0S3 	899
Server_0S4 	900
Server_0S5 	901
Server_0S6 	902
Server_0S7 	903
Server_0S8 	904
Server_0S9 	905
Server_0SA 	906
Server_0SB 	907
Server_0SC 	908
Server_0SD 	909
Server_0SE 	910
Server_0SF 	911
Server_0SG 	912
Server_0SH 	913
Server_0SI 	914
Server_0SJ 	915
Server_0SK 	916
Server_0SL 	917
Server_0SM 	918
Server_0SN 	919
Server_0SO 	920
Server_0SP 	921
Server_0SQ 	922
Server_0SR 	923
Server_0SS 	924
Server_0ST 	925
Server_0SU 	926
Server_0SV 	927
Server_0T0 	928
Server_0T1 	929
Server_0T2 	930
Server_0T3 	931
Server_0T4 	932
Server_0T5 	933
Server_0T6 	934
Server_0T7 	935
Server_0T8 	936
Server_0T9 	937
Server_0TA 	938
Server_0TB 	939
Server_0TC 	940
Server_0TD 	941
Server_0TE 	942
Server_0TF 	943
Server_0TG 	944
Server_0TH 	945
Server_0TI 	946
Server_0TJ 	947
Server_0TK 	948
Server_0TL 	949
Server_0TM 	950
Server_0TN 	951
Server_0TO 	952
Server_0TP 	953
Server_0TQ 	954
Server_0TR 	955
Server_0TS 	956
Server_0TT 	957
Server_0TU 	958
Server_0TV 	959
Server_0U0 	960
Server_0U1 	961
Server_0U2 	962
Server_0U3 	963
Server_0U4 	964
Server_0U5 	965
Server_0U6 	966
Server_0U7 	967
Server_0U8 	968
Server_0U9 	969
Server_0UA 	970
Server_0UB 	971
Server_0UC 	972
Server_0UD 	973
Server_0UE 	974
Server_0UF 	975
Server_0UG 	976
Server_0UH 	977
Server_0UI 	978
Server_0UJ 	979
Server_0UK 	980
Server_0UL 	981
Server_0UM 	982
Server_0UN 	983
Server_0UO 	984
Server_0UP 	985
Server_0UQ 	986
Server_0UR 	987
Server_0US 	988
Server_0UT 	989
Server_0UU 	990
Server_0UV 	991
Server_0V0 	992
Server_0V1 	993
Server_0V2 	994
Server_0V3 	995
Server_0V4 	996
Server_0V5 	997
Server_0V6 	998
Server_0V7 	999
Server_0V8 	1000
Server_0V9 	1001
Server_0VA 	1002
Server_0VB 	1003
Server_0VC 	1004
Server_0VD 	1005
Server_0VE 	1006
Server_0VF 	1007
Server_0VG 	1008
Server_0VH 	1009
Server_0VI 	1010
Server_0VJ 	1011
Server_0VK 	1012
Server_0VL 	1013
Server_0VM 	1014
Server_0VN 	1015
Server_0VO 	1016
Server_0VP 	1017
Server_0VQ 	1018
Server_0VR 	1019
Server_0VS 	1020
Server_0VT 	1021
Server_0VU 	1022
Server_0VV 	1023
