Link_0000,1E7
Link_0001,1E7
Link_0002,1E7
Link_0003,1E7
Link_0004,1E7
Link_0005,1E7
Link_0006,1E7
Link_0010,1E7
Link_0011,1E7
Link_0012,1E7
Link_0013,1E7
Link_0020,1E7
Link_0021,1E7
Link_0022,1E7
Link_0030,1E7
Link_0031,1E7
Link_0032,1E7
Link_0033,1E7
Link_0034,1E7
Link_0040,1E7
Link_0041,1E7
Link_0042,1E7
Link_0043,1E7
Link_0044,1E7
Link_0045,1E7
Link_0046,1E7
Link_0047,1E7
ServerAcessLink_00,2E8
BBServer_00,1E9
BB_000,1E9
BB_001,1E9
BB_002,1E9
BB_003,1E9
BB_004,1E9
Link_0100,1E7
Link_0101,1E7
Link_0102,1E7
Link_0103,1E7
Link_0104,1E7
Link_0105,1E7
Link_0106,1E7
Link_0110,1E7
Link_0111,1E7
Link_0112,1E7
Link_0113,1E7
Link_0114,1E7
Link_0115,1E7
Link_0116,1E7
Link_0120,1E7
Link_0121,1E7
Link_0122,1E7
Link_0123,1E7
ServerAcessLink_01,2E8
BBServer_01,1E9
BB_010,1E9
BB_011,1E9
BB_012,1E9
ServerAcessLink_0,1E9
BBServer_0,1E9
BB_00,1E9
BB_01,1E9
