R_000,Link_0000,Client_0000
R_000,Link_0001,Client_0001
R_000,Link_0002,Client_0002
R_000,Link_0003,Client_0003
R_000,Link_0004,Client_0004
R_000,Link_0005,Client_0005
R_000,Link_0006,Client_0006
R_000,Link_0007,Client_0007
R_001,Link_0010,Client_0010
R_001,Link_0011,Client_0011
R_001,Link_0012,Client_0012
R_001,Link_0013,Client_0013
R_001,Link_0014,Client_0014
R_001,Link_0015,Client_0015
R_001,Link_0016,Client_0016
R_001,Link_0017,Client_0017
R_002,Link_0020,Client_0020
R_002,Link_0021,Client_0021
R_002,Link_0022,Client_0022
R_002,Link_0023,Client_0023
R_002,Link_0024,Client_0024
R_002,Link_0025,Client_0025
R_002,Link_0026,Client_0026
R_002,Link_0027,Client_0027
R_003,Link_0030,Client_0030
R_003,Link_0031,Client_0031
R_003,Link_0032,Client_0032
R_003,Link_0033,Client_0033
R_003,Link_0034,Client_0034
R_003,Link_0035,Client_0035
R_003,Link_0036,Client_0036
R_003,Link_0037,Client_0037
R_004,Link_0040,Client_0040
R_004,Link_0041,Client_0041
R_004,Link_0042,Client_0042
R_004,Link_0043,Client_0043
R_004,Link_0044,Client_0044
R_004,Link_0045,Client_0045
R_004,Link_0046,Client_0046
R_004,Link_0047,Client_0047
R_005,Link_0050,Client_0050
R_005,Link_0051,Client_0051
R_005,Link_0052,Client_0052
R_005,Link_0053,Client_0053
R_005,Link_0054,Client_0054
R_005,Link_0055,Client_0055
R_005,Link_0056,Client_0056
R_005,Link_0057,Client_0057
R_006,Link_0060,Client_0060
R_006,Link_0061,Client_0061
R_006,Link_0062,Client_0062
R_006,Link_0063,Client_0063
R_006,Link_0064,Client_0064
R_006,Link_0065,Client_0065
R_006,Link_0066,Client_0066
R_006,Link_0067,Client_0067
R_007,Link_0070,Client_0070
R_007,Link_0071,Client_0071
R_007,Link_0072,Client_0072
R_007,Link_0073,Client_0073
R_007,Link_0074,Client_0074
R_007,Link_0075,Client_0075
R_007,Link_0076,Client_0076
R_007,Link_0077,Client_0077
SRouter_00,ServerAcessLink_00,Server_00
R_010,Link_0100,Client_0100
R_010,Link_0101,Client_0101
R_010,Link_0102,Client_0102
R_010,Link_0103,Client_0103
R_010,Link_0104,Client_0104
R_010,Link_0105,Client_0105
R_010,Link_0106,Client_0106
R_010,Link_0107,Client_0107
R_011,Link_0110,Client_0110
R_011,Link_0111,Client_0111
R_011,Link_0112,Client_0112
R_011,Link_0113,Client_0113
R_011,Link_0114,Client_0114
R_011,Link_0115,Client_0115
R_011,Link_0116,Client_0116
R_011,Link_0117,Client_0117
R_012,Link_0120,Client_0120
R_012,Link_0121,Client_0121
R_012,Link_0122,Client_0122
R_012,Link_0123,Client_0123
R_012,Link_0124,Client_0124
R_012,Link_0125,Client_0125
R_012,Link_0126,Client_0126
R_012,Link_0127,Client_0127
R_013,Link_0130,Client_0130
R_013,Link_0131,Client_0131
R_013,Link_0132,Client_0132
R_013,Link_0133,Client_0133
R_013,Link_0134,Client_0134
R_013,Link_0135,Client_0135
R_013,Link_0136,Client_0136
R_013,Link_0137,Client_0137
R_014,Link_0140,Client_0140
R_014,Link_0141,Client_0141
R_014,Link_0142,Client_0142
R_014,Link_0143,Client_0143
R_014,Link_0144,Client_0144
R_014,Link_0145,Client_0145
R_014,Link_0146,Client_0146
R_014,Link_0147,Client_0147
R_015,Link_0150,Client_0150
R_015,Link_0151,Client_0151
R_015,Link_0152,Client_0152
R_015,Link_0153,Client_0153
R_015,Link_0154,Client_0154
R_015,Link_0155,Client_0155
R_015,Link_0156,Client_0156
R_015,Link_0157,Client_0157
R_016,Link_0160,Client_0160
R_016,Link_0161,Client_0161
R_016,Link_0162,Client_0162
R_016,Link_0163,Client_0163
R_016,Link_0164,Client_0164
R_016,Link_0165,Client_0165
R_016,Link_0166,Client_0166
R_016,Link_0167,Client_0167
R_017,Link_0170,Client_0170
R_017,Link_0171,Client_0171
R_017,Link_0172,Client_0172
R_017,Link_0173,Client_0173
R_017,Link_0174,Client_0174
R_017,Link_0175,Client_0175
R_017,Link_0176,Client_0176
R_017,Link_0177,Client_0177
SRouter_01,ServerAcessLink_01,Server_01
R_020,Link_0200,Client_0200
R_020,Link_0201,Client_0201
R_020,Link_0202,Client_0202
R_020,Link_0203,Client_0203
R_020,Link_0204,Client_0204
R_020,Link_0205,Client_0205
R_020,Link_0206,Client_0206
R_020,Link_0207,Client_0207
R_021,Link_0210,Client_0210
R_021,Link_0211,Client_0211
R_021,Link_0212,Client_0212
R_021,Link_0213,Client_0213
R_021,Link_0214,Client_0214
R_021,Link_0215,Client_0215
R_021,Link_0216,Client_0216
R_021,Link_0217,Client_0217
R_022,Link_0220,Client_0220
R_022,Link_0221,Client_0221
R_022,Link_0222,Client_0222
R_022,Link_0223,Client_0223
R_022,Link_0224,Client_0224
R_022,Link_0225,Client_0225
R_022,Link_0226,Client_0226
R_022,Link_0227,Client_0227
R_023,Link_0230,Client_0230
R_023,Link_0231,Client_0231
R_023,Link_0232,Client_0232
R_023,Link_0233,Client_0233
R_023,Link_0234,Client_0234
R_023,Link_0235,Client_0235
R_023,Link_0236,Client_0236
R_023,Link_0237,Client_0237
R_024,Link_0240,Client_0240
R_024,Link_0241,Client_0241
R_024,Link_0242,Client_0242
R_024,Link_0243,Client_0243
R_024,Link_0244,Client_0244
R_024,Link_0245,Client_0245
R_024,Link_0246,Client_0246
R_024,Link_0247,Client_0247
R_025,Link_0250,Client_0250
R_025,Link_0251,Client_0251
R_025,Link_0252,Client_0252
R_025,Link_0253,Client_0253
R_025,Link_0254,Client_0254
R_025,Link_0255,Client_0255
R_025,Link_0256,Client_0256
R_025,Link_0257,Client_0257
R_026,Link_0260,Client_0260
R_026,Link_0261,Client_0261
R_026,Link_0262,Client_0262
R_026,Link_0263,Client_0263
R_026,Link_0264,Client_0264
R_026,Link_0265,Client_0265
R_026,Link_0266,Client_0266
R_026,Link_0267,Client_0267
R_027,Link_0270,Client_0270
R_027,Link_0271,Client_0271
R_027,Link_0272,Client_0272
R_027,Link_0273,Client_0273
R_027,Link_0274,Client_0274
R_027,Link_0275,Client_0275
R_027,Link_0276,Client_0276
R_027,Link_0277,Client_0277
SRouter_02,ServerAcessLink_02,Server_02
R_030,Link_0300,Client_0300
R_030,Link_0301,Client_0301
R_030,Link_0302,Client_0302
R_030,Link_0303,Client_0303
R_030,Link_0304,Client_0304
R_030,Link_0305,Client_0305
R_030,Link_0306,Client_0306
R_030,Link_0307,Client_0307
R_031,Link_0310,Client_0310
R_031,Link_0311,Client_0311
R_031,Link_0312,Client_0312
R_031,Link_0313,Client_0313
R_031,Link_0314,Client_0314
R_031,Link_0315,Client_0315
R_031,Link_0316,Client_0316
R_031,Link_0317,Client_0317
R_032,Link_0320,Client_0320
R_032,Link_0321,Client_0321
R_032,Link_0322,Client_0322
R_032,Link_0323,Client_0323
R_032,Link_0324,Client_0324
R_032,Link_0325,Client_0325
R_032,Link_0326,Client_0326
R_032,Link_0327,Client_0327
R_033,Link_0330,Client_0330
R_033,Link_0331,Client_0331
R_033,Link_0332,Client_0332
R_033,Link_0333,Client_0333
R_033,Link_0334,Client_0334
R_033,Link_0335,Client_0335
R_033,Link_0336,Client_0336
R_033,Link_0337,Client_0337
R_034,Link_0340,Client_0340
R_034,Link_0341,Client_0341
R_034,Link_0342,Client_0342
R_034,Link_0343,Client_0343
R_034,Link_0344,Client_0344
R_034,Link_0345,Client_0345
R_034,Link_0346,Client_0346
R_034,Link_0347,Client_0347
R_035,Link_0350,Client_0350
R_035,Link_0351,Client_0351
R_035,Link_0352,Client_0352
R_035,Link_0353,Client_0353
R_035,Link_0354,Client_0354
R_035,Link_0355,Client_0355
R_035,Link_0356,Client_0356
R_035,Link_0357,Client_0357
R_036,Link_0360,Client_0360
R_036,Link_0361,Client_0361
R_036,Link_0362,Client_0362
R_036,Link_0363,Client_0363
R_036,Link_0364,Client_0364
R_036,Link_0365,Client_0365
R_036,Link_0366,Client_0366
R_036,Link_0367,Client_0367
R_037,Link_0370,Client_0370
R_037,Link_0371,Client_0371
R_037,Link_0372,Client_0372
R_037,Link_0373,Client_0373
R_037,Link_0374,Client_0374
R_037,Link_0375,Client_0375
R_037,Link_0376,Client_0376
R_037,Link_0377,Client_0377
SRouter_03,ServerAcessLink_03,Server_03
R_040,Link_0400,Client_0400
R_040,Link_0401,Client_0401
R_040,Link_0402,Client_0402
R_040,Link_0403,Client_0403
R_040,Link_0404,Client_0404
R_040,Link_0405,Client_0405
R_040,Link_0406,Client_0406
R_040,Link_0407,Client_0407
R_041,Link_0410,Client_0410
R_041,Link_0411,Client_0411
R_041,Link_0412,Client_0412
R_041,Link_0413,Client_0413
R_041,Link_0414,Client_0414
R_041,Link_0415,Client_0415
R_041,Link_0416,Client_0416
R_041,Link_0417,Client_0417
R_042,Link_0420,Client_0420
R_042,Link_0421,Client_0421
R_042,Link_0422,Client_0422
R_042,Link_0423,Client_0423
R_042,Link_0424,Client_0424
R_042,Link_0425,Client_0425
R_042,Link_0426,Client_0426
R_042,Link_0427,Client_0427
R_043,Link_0430,Client_0430
R_043,Link_0431,Client_0431
R_043,Link_0432,Client_0432
R_043,Link_0433,Client_0433
R_043,Link_0434,Client_0434
R_043,Link_0435,Client_0435
R_043,Link_0436,Client_0436
R_043,Link_0437,Client_0437
R_044,Link_0440,Client_0440
R_044,Link_0441,Client_0441
R_044,Link_0442,Client_0442
R_044,Link_0443,Client_0443
R_044,Link_0444,Client_0444
R_044,Link_0445,Client_0445
R_044,Link_0446,Client_0446
R_044,Link_0447,Client_0447
R_045,Link_0450,Client_0450
R_045,Link_0451,Client_0451
R_045,Link_0452,Client_0452
R_045,Link_0453,Client_0453
R_045,Link_0454,Client_0454
R_045,Link_0455,Client_0455
R_045,Link_0456,Client_0456
R_045,Link_0457,Client_0457
R_046,Link_0460,Client_0460
R_046,Link_0461,Client_0461
R_046,Link_0462,Client_0462
R_046,Link_0463,Client_0463
R_046,Link_0464,Client_0464
R_046,Link_0465,Client_0465
R_046,Link_0466,Client_0466
R_046,Link_0467,Client_0467
R_047,Link_0470,Client_0470
R_047,Link_0471,Client_0471
R_047,Link_0472,Client_0472
R_047,Link_0473,Client_0473
R_047,Link_0474,Client_0474
R_047,Link_0475,Client_0475
R_047,Link_0476,Client_0476
R_047,Link_0477,Client_0477
SRouter_04,ServerAcessLink_04,Server_04
R_050,Link_0500,Client_0500
R_050,Link_0501,Client_0501
R_050,Link_0502,Client_0502
R_050,Link_0503,Client_0503
R_050,Link_0504,Client_0504
R_050,Link_0505,Client_0505
R_050,Link_0506,Client_0506
R_050,Link_0507,Client_0507
R_051,Link_0510,Client_0510
R_051,Link_0511,Client_0511
R_051,Link_0512,Client_0512
R_051,Link_0513,Client_0513
R_051,Link_0514,Client_0514
R_051,Link_0515,Client_0515
R_051,Link_0516,Client_0516
R_051,Link_0517,Client_0517
R_052,Link_0520,Client_0520
R_052,Link_0521,Client_0521
R_052,Link_0522,Client_0522
R_052,Link_0523,Client_0523
R_052,Link_0524,Client_0524
R_052,Link_0525,Client_0525
R_052,Link_0526,Client_0526
R_052,Link_0527,Client_0527
R_053,Link_0530,Client_0530
R_053,Link_0531,Client_0531
R_053,Link_0532,Client_0532
R_053,Link_0533,Client_0533
R_053,Link_0534,Client_0534
R_053,Link_0535,Client_0535
R_053,Link_0536,Client_0536
R_053,Link_0537,Client_0537
R_054,Link_0540,Client_0540
R_054,Link_0541,Client_0541
R_054,Link_0542,Client_0542
R_054,Link_0543,Client_0543
R_054,Link_0544,Client_0544
R_054,Link_0545,Client_0545
R_054,Link_0546,Client_0546
R_054,Link_0547,Client_0547
R_055,Link_0550,Client_0550
R_055,Link_0551,Client_0551
R_055,Link_0552,Client_0552
R_055,Link_0553,Client_0553
R_055,Link_0554,Client_0554
R_055,Link_0555,Client_0555
R_055,Link_0556,Client_0556
R_055,Link_0557,Client_0557
R_056,Link_0560,Client_0560
R_056,Link_0561,Client_0561
R_056,Link_0562,Client_0562
R_056,Link_0563,Client_0563
R_056,Link_0564,Client_0564
R_056,Link_0565,Client_0565
R_056,Link_0566,Client_0566
R_056,Link_0567,Client_0567
R_057,Link_0570,Client_0570
R_057,Link_0571,Client_0571
R_057,Link_0572,Client_0572
R_057,Link_0573,Client_0573
R_057,Link_0574,Client_0574
R_057,Link_0575,Client_0575
R_057,Link_0576,Client_0576
R_057,Link_0577,Client_0577
SRouter_05,ServerAcessLink_05,Server_05
R_060,Link_0600,Client_0600
R_060,Link_0601,Client_0601
R_060,Link_0602,Client_0602
R_060,Link_0603,Client_0603
R_060,Link_0604,Client_0604
R_060,Link_0605,Client_0605
R_060,Link_0606,Client_0606
R_060,Link_0607,Client_0607
R_061,Link_0610,Client_0610
R_061,Link_0611,Client_0611
R_061,Link_0612,Client_0612
R_061,Link_0613,Client_0613
R_061,Link_0614,Client_0614
R_061,Link_0615,Client_0615
R_061,Link_0616,Client_0616
R_061,Link_0617,Client_0617
R_062,Link_0620,Client_0620
R_062,Link_0621,Client_0621
R_062,Link_0622,Client_0622
R_062,Link_0623,Client_0623
R_062,Link_0624,Client_0624
R_062,Link_0625,Client_0625
R_062,Link_0626,Client_0626
R_062,Link_0627,Client_0627
R_063,Link_0630,Client_0630
R_063,Link_0631,Client_0631
R_063,Link_0632,Client_0632
R_063,Link_0633,Client_0633
R_063,Link_0634,Client_0634
R_063,Link_0635,Client_0635
R_063,Link_0636,Client_0636
R_063,Link_0637,Client_0637
R_064,Link_0640,Client_0640
R_064,Link_0641,Client_0641
R_064,Link_0642,Client_0642
R_064,Link_0643,Client_0643
R_064,Link_0644,Client_0644
R_064,Link_0645,Client_0645
R_064,Link_0646,Client_0646
R_064,Link_0647,Client_0647
R_065,Link_0650,Client_0650
R_065,Link_0651,Client_0651
R_065,Link_0652,Client_0652
R_065,Link_0653,Client_0653
R_065,Link_0654,Client_0654
R_065,Link_0655,Client_0655
R_065,Link_0656,Client_0656
R_065,Link_0657,Client_0657
R_066,Link_0660,Client_0660
R_066,Link_0661,Client_0661
R_066,Link_0662,Client_0662
R_066,Link_0663,Client_0663
R_066,Link_0664,Client_0664
R_066,Link_0665,Client_0665
R_066,Link_0666,Client_0666
R_066,Link_0667,Client_0667
R_067,Link_0670,Client_0670
R_067,Link_0671,Client_0671
R_067,Link_0672,Client_0672
R_067,Link_0673,Client_0673
R_067,Link_0674,Client_0674
R_067,Link_0675,Client_0675
R_067,Link_0676,Client_0676
R_067,Link_0677,Client_0677
SRouter_06,ServerAcessLink_06,Server_06
R_070,Link_0700,Client_0700
R_070,Link_0701,Client_0701
R_070,Link_0702,Client_0702
R_070,Link_0703,Client_0703
R_070,Link_0704,Client_0704
R_070,Link_0705,Client_0705
R_070,Link_0706,Client_0706
R_070,Link_0707,Client_0707
R_071,Link_0710,Client_0710
R_071,Link_0711,Client_0711
R_071,Link_0712,Client_0712
R_071,Link_0713,Client_0713
R_071,Link_0714,Client_0714
R_071,Link_0715,Client_0715
R_071,Link_0716,Client_0716
R_071,Link_0717,Client_0717
R_072,Link_0720,Client_0720
R_072,Link_0721,Client_0721
R_072,Link_0722,Client_0722
R_072,Link_0723,Client_0723
R_072,Link_0724,Client_0724
R_072,Link_0725,Client_0725
R_072,Link_0726,Client_0726
R_072,Link_0727,Client_0727
R_073,Link_0730,Client_0730
R_073,Link_0731,Client_0731
R_073,Link_0732,Client_0732
R_073,Link_0733,Client_0733
R_073,Link_0734,Client_0734
R_073,Link_0735,Client_0735
R_073,Link_0736,Client_0736
R_073,Link_0737,Client_0737
R_074,Link_0740,Client_0740
R_074,Link_0741,Client_0741
R_074,Link_0742,Client_0742
R_074,Link_0743,Client_0743
R_074,Link_0744,Client_0744
R_074,Link_0745,Client_0745
R_074,Link_0746,Client_0746
R_074,Link_0747,Client_0747
R_075,Link_0750,Client_0750
R_075,Link_0751,Client_0751
R_075,Link_0752,Client_0752
R_075,Link_0753,Client_0753
R_075,Link_0754,Client_0754
R_075,Link_0755,Client_0755
R_075,Link_0756,Client_0756
R_075,Link_0757,Client_0757
R_076,Link_0760,Client_0760
R_076,Link_0761,Client_0761
R_076,Link_0762,Client_0762
R_076,Link_0763,Client_0763
R_076,Link_0764,Client_0764
R_076,Link_0765,Client_0765
R_076,Link_0766,Client_0766
R_076,Link_0767,Client_0767
R_077,Link_0770,Client_0770
R_077,Link_0771,Client_0771
R_077,Link_0772,Client_0772
R_077,Link_0773,Client_0773
R_077,Link_0774,Client_0774
R_077,Link_0775,Client_0775
R_077,Link_0776,Client_0776
R_077,Link_0777,Client_0777
SRouter_07,ServerAcessLink_07,Server_07
SRouter_0,ServerAcessLink_0,Server_0
SRouter_00,BBServer_00,R_00
R_000,BB_000,R_00
R_001,BB_001,R_00
R_002,BB_002,R_00
R_003,BB_003,R_00
R_004,BB_004,R_00
R_005,BB_005,R_00
R_006,BB_006,R_00
R_007,BB_007,R_00
SRouter_01,BBServer_01,R_01
R_010,BB_010,R_01
R_011,BB_011,R_01
R_012,BB_012,R_01
R_013,BB_013,R_01
R_014,BB_014,R_01
R_015,BB_015,R_01
R_016,BB_016,R_01
R_017,BB_017,R_01
SRouter_02,BBServer_02,R_02
R_020,BB_020,R_02
R_021,BB_021,R_02
R_022,BB_022,R_02
R_023,BB_023,R_02
R_024,BB_024,R_02
R_025,BB_025,R_02
R_026,BB_026,R_02
R_027,BB_027,R_02
SRouter_03,BBServer_03,R_03
R_030,BB_030,R_03
R_031,BB_031,R_03
R_032,BB_032,R_03
R_033,BB_033,R_03
R_034,BB_034,R_03
R_035,BB_035,R_03
R_036,BB_036,R_03
R_037,BB_037,R_03
SRouter_04,BBServer_04,R_04
R_040,BB_040,R_04
R_041,BB_041,R_04
R_042,BB_042,R_04
R_043,BB_043,R_04
R_044,BB_044,R_04
R_045,BB_045,R_04
R_046,BB_046,R_04
R_047,BB_047,R_04
SRouter_05,BBServer_05,R_05
R_050,BB_050,R_05
R_051,BB_051,R_05
R_052,BB_052,R_05
R_053,BB_053,R_05
R_054,BB_054,R_05
R_055,BB_055,R_05
R_056,BB_056,R_05
R_057,BB_057,R_05
SRouter_06,BBServer_06,R_06
R_060,BB_060,R_06
R_061,BB_061,R_06
R_062,BB_062,R_06
R_063,BB_063,R_06
R_064,BB_064,R_06
R_065,BB_065,R_06
R_066,BB_066,R_06
R_067,BB_067,R_06
SRouter_07,BBServer_07,R_07
R_070,BB_070,R_07
R_071,BB_071,R_07
R_072,BB_072,R_07
R_073,BB_073,R_07
R_074,BB_074,R_07
R_075,BB_075,R_07
R_076,BB_076,R_07
R_077,BB_077,R_07
SRouter_0,BBServer_0,R_0
R_00,BB_00,R_0
R_01,BB_01,R_0
R_02,BB_02,R_0
R_03,BB_03,R_0
R_04,BB_04,R_0
R_05,BB_05,R_0
R_06,BB_06,R_0
R_07,BB_07,R_0
