Server_000 , 0
Server_001 , 1
Server_002 , 2
Server_003 , 3
Server_004 , 4
Server_005 , 5
Server_006 , 6
Server_007 , 7
Server_010 , 8
Server_011 , 9
Server_012 , 10
Server_013 , 11
Server_014 , 12
Server_015 , 13
Server_016 , 14
Server_017 , 15
Server_020 , 16
Server_021 , 17
Server_022 , 18
Server_023 , 19
Server_024 , 20
Server_025 , 21
Server_026 , 22
Server_027 , 23
Server_030 , 24
Server_031 , 25
Server_032 , 26
Server_033 , 27
Server_034 , 28
Server_035 , 29
Server_036 , 30
Server_037 , 31
Server_040 , 32
Server_041 , 33
Server_042 , 34
Server_043 , 35
Server_044 , 36
Server_045 , 37
Server_046 , 38
Server_047 , 39
Server_050 , 40
Server_051 , 41
Server_052 , 42
Server_053 , 43
Server_054 , 44
Server_055 , 45
Server_056 , 46
Server_057 , 47
Server_060 , 48
Server_061 , 49
Server_062 , 50
Server_063 , 51
Server_064 , 52
Server_065 , 53
Server_066 , 54
Server_067 , 55
Server_070 , 56
Server_071 , 57
Server_072 , 58
Server_073 , 59
Server_074 , 60
Server_075 , 61
Server_076 , 62
Server_077 , 63
