Server_0000 , 0
Server_0001 , 1
Server_0002 , 2
Server_0003 , 3
Server_0004 , 4
Server_0005 , 5
Server_0006 , 6
Server_0007 , 7
Server_0010 , 8
Server_0011 , 9
Server_0012 , 10
Server_0013 , 11
Server_0014 , 12
Server_0015 , 13
Server_0016 , 14
Server_0017 , 15
Server_0020 , 16
Server_0021 , 17
Server_0022 , 18
Server_0023 , 19
Server_0024 , 20
Server_0025 , 21
Server_0026 , 22
Server_0027 , 23
Server_0030 , 24
Server_0031 , 25
Server_0032 , 26
Server_0033 , 27
Server_0034 , 28
Server_0035 , 29
Server_0036 , 30
Server_0037 , 31
Server_0040 , 32
Server_0041 , 33
Server_0042 , 34
Server_0043 , 35
Server_0044 , 36
Server_0045 , 37
Server_0046 , 38
Server_0047 , 39
Server_0050 , 40
Server_0051 , 41
Server_0052 , 42
Server_0053 , 43
Server_0054 , 44
Server_0055 , 45
Server_0056 , 46
Server_0057 , 47
Server_0060 , 48
Server_0061 , 49
Server_0062 , 50
Server_0063 , 51
Server_0064 , 52
Server_0065 , 53
Server_0066 , 54
Server_0067 , 55
Server_0070 , 56
Server_0071 , 57
Server_0072 , 58
Server_0073 , 59
Server_0074 , 60
Server_0075 , 61
Server_0076 , 62
Server_0077 , 63
Server_0100 , 64
Server_0101 , 65
Server_0102 , 66
Server_0103 , 67
Server_0104 , 68
Server_0105 , 69
Server_0106 , 70
Server_0107 , 71
Server_0110 , 72
Server_0111 , 73
Server_0112 , 74
Server_0113 , 75
Server_0114 , 76
Server_0115 , 77
Server_0116 , 78
Server_0117 , 79
Server_0120 , 80
Server_0121 , 81
Server_0122 , 82
Server_0123 , 83
Server_0124 , 84
Server_0125 , 85
Server_0126 , 86
Server_0127 , 87
Server_0130 , 88
Server_0131 , 89
Server_0132 , 90
Server_0133 , 91
Server_0134 , 92
Server_0135 , 93
Server_0136 , 94
Server_0137 , 95
Server_0140 , 96
Server_0141 , 97
Server_0142 , 98
Server_0143 , 99
Server_0144 , 100
Server_0145 , 101
Server_0146 , 102
Server_0147 , 103
Server_0150 , 104
Server_0151 , 105
Server_0152 , 106
Server_0153 , 107
Server_0154 , 108
Server_0155 , 109
Server_0156 , 110
Server_0157 , 111
Server_0160 , 112
Server_0161 , 113
Server_0162 , 114
Server_0163 , 115
Server_0164 , 116
Server_0165 , 117
Server_0166 , 118
Server_0167 , 119
Server_0170 , 120
Server_0171 , 121
Server_0172 , 122
Server_0173 , 123
Server_0174 , 124
Server_0175 , 125
Server_0176 , 126
Server_0177 , 127
Server_0200 , 128
Server_0201 , 129
Server_0202 , 130
Server_0203 , 131
Server_0204 , 132
Server_0205 , 133
Server_0206 , 134
Server_0207 , 135
Server_0210 , 136
Server_0211 , 137
Server_0212 , 138
Server_0213 , 139
Server_0214 , 140
Server_0215 , 141
Server_0216 , 142
Server_0217 , 143
Server_0220 , 144
Server_0221 , 145
Server_0222 , 146
Server_0223 , 147
Server_0224 , 148
Server_0225 , 149
Server_0226 , 150
Server_0227 , 151
Server_0230 , 152
Server_0231 , 153
Server_0232 , 154
Server_0233 , 155
Server_0234 , 156
Server_0235 , 157
Server_0236 , 158
Server_0237 , 159
Server_0240 , 160
Server_0241 , 161
Server_0242 , 162
Server_0243 , 163
Server_0244 , 164
Server_0245 , 165
Server_0246 , 166
Server_0247 , 167
Server_0250 , 168
Server_0251 , 169
Server_0252 , 170
Server_0253 , 171
Server_0254 , 172
Server_0255 , 173
Server_0256 , 174
Server_0257 , 175
Server_0260 , 176
Server_0261 , 177
Server_0262 , 178
Server_0263 , 179
Server_0264 , 180
Server_0265 , 181
Server_0266 , 182
Server_0267 , 183
Server_0270 , 184
Server_0271 , 185
Server_0272 , 186
Server_0273 , 187
Server_0274 , 188
Server_0275 , 189
Server_0276 , 190
Server_0277 , 191
Server_0300 , 192
Server_0301 , 193
Server_0302 , 194
Server_0303 , 195
Server_0304 , 196
Server_0305 , 197
Server_0306 , 198
Server_0307 , 199
Server_0310 , 200
Server_0311 , 201
Server_0312 , 202
Server_0313 , 203
Server_0314 , 204
Server_0315 , 205
Server_0316 , 206
Server_0317 , 207
Server_0320 , 208
Server_0321 , 209
Server_0322 , 210
Server_0323 , 211
Server_0324 , 212
Server_0325 , 213
Server_0326 , 214
Server_0327 , 215
Server_0330 , 216
Server_0331 , 217
Server_0332 , 218
Server_0333 , 219
Server_0334 , 220
Server_0335 , 221
Server_0336 , 222
Server_0337 , 223
Server_0340 , 224
Server_0341 , 225
Server_0342 , 226
Server_0343 , 227
Server_0344 , 228
Server_0345 , 229
Server_0346 , 230
Server_0347 , 231
Server_0350 , 232
Server_0351 , 233
Server_0352 , 234
Server_0353 , 235
Server_0354 , 236
Server_0355 , 237
Server_0356 , 238
Server_0357 , 239
Server_0360 , 240
Server_0361 , 241
Server_0362 , 242
Server_0363 , 243
Server_0364 , 244
Server_0365 , 245
Server_0366 , 246
Server_0367 , 247
Server_0370 , 248
Server_0371 , 249
Server_0372 , 250
Server_0373 , 251
Server_0374 , 252
Server_0375 , 253
Server_0376 , 254
Server_0377 , 255
Server_0400 , 256
Server_0401 , 257
Server_0402 , 258
Server_0403 , 259
Server_0404 , 260
Server_0405 , 261
Server_0406 , 262
Server_0407 , 263
Server_0410 , 264
Server_0411 , 265
Server_0412 , 266
Server_0413 , 267
Server_0414 , 268
Server_0415 , 269
Server_0416 , 270
Server_0417 , 271
Server_0420 , 272
Server_0421 , 273
Server_0422 , 274
Server_0423 , 275
Server_0424 , 276
Server_0425 , 277
Server_0426 , 278
Server_0427 , 279
Server_0430 , 280
Server_0431 , 281
Server_0432 , 282
Server_0433 , 283
Server_0434 , 284
Server_0435 , 285
Server_0436 , 286
Server_0437 , 287
Server_0440 , 288
Server_0441 , 289
Server_0442 , 290
Server_0443 , 291
Server_0444 , 292
Server_0445 , 293
Server_0446 , 294
Server_0447 , 295
Server_0450 , 296
Server_0451 , 297
Server_0452 , 298
Server_0453 , 299
Server_0454 , 300
Server_0455 , 301
Server_0456 , 302
Server_0457 , 303
Server_0460 , 304
Server_0461 , 305
Server_0462 , 306
Server_0463 , 307
Server_0464 , 308
Server_0465 , 309
Server_0466 , 310
Server_0467 , 311
Server_0470 , 312
Server_0471 , 313
Server_0472 , 314
Server_0473 , 315
Server_0474 , 316
Server_0475 , 317
Server_0476 , 318
Server_0477 , 319
Server_0500 , 320
Server_0501 , 321
Server_0502 , 322
Server_0503 , 323
Server_0504 , 324
Server_0505 , 325
Server_0506 , 326
Server_0507 , 327
Server_0510 , 328
Server_0511 , 329
Server_0512 , 330
Server_0513 , 331
Server_0514 , 332
Server_0515 , 333
Server_0516 , 334
Server_0517 , 335
Server_0520 , 336
Server_0521 , 337
Server_0522 , 338
Server_0523 , 339
Server_0524 , 340
Server_0525 , 341
Server_0526 , 342
Server_0527 , 343
Server_0530 , 344
Server_0531 , 345
Server_0532 , 346
Server_0533 , 347
Server_0534 , 348
Server_0535 , 349
Server_0536 , 350
Server_0537 , 351
Server_0540 , 352
Server_0541 , 353
Server_0542 , 354
Server_0543 , 355
Server_0544 , 356
Server_0545 , 357
Server_0546 , 358
Server_0547 , 359
Server_0550 , 360
Server_0551 , 361
Server_0552 , 362
Server_0553 , 363
Server_0554 , 364
Server_0555 , 365
Server_0556 , 366
Server_0557 , 367
Server_0560 , 368
Server_0561 , 369
Server_0562 , 370
Server_0563 , 371
Server_0564 , 372
Server_0565 , 373
Server_0566 , 374
Server_0567 , 375
Server_0570 , 376
Server_0571 , 377
Server_0572 , 378
Server_0573 , 379
Server_0574 , 380
Server_0575 , 381
Server_0576 , 382
Server_0577 , 383
Server_0600 , 384
Server_0601 , 385
Server_0602 , 386
Server_0603 , 387
Server_0604 , 388
Server_0605 , 389
Server_0606 , 390
Server_0607 , 391
Server_0610 , 392
Server_0611 , 393
Server_0612 , 394
Server_0613 , 395
Server_0614 , 396
Server_0615 , 397
Server_0616 , 398
Server_0617 , 399
Server_0620 , 400
Server_0621 , 401
Server_0622 , 402
Server_0623 , 403
Server_0624 , 404
Server_0625 , 405
Server_0626 , 406
Server_0627 , 407
Server_0630 , 408
Server_0631 , 409
Server_0632 , 410
Server_0633 , 411
Server_0634 , 412
Server_0635 , 413
Server_0636 , 414
Server_0637 , 415
Server_0640 , 416
Server_0641 , 417
Server_0642 , 418
Server_0643 , 419
Server_0644 , 420
Server_0645 , 421
Server_0646 , 422
Server_0647 , 423
Server_0650 , 424
Server_0651 , 425
Server_0652 , 426
Server_0653 , 427
Server_0654 , 428
Server_0655 , 429
Server_0656 , 430
Server_0657 , 431
Server_0660 , 432
Server_0661 , 433
Server_0662 , 434
Server_0663 , 435
Server_0664 , 436
Server_0665 , 437
Server_0666 , 438
Server_0667 , 439
Server_0670 , 440
Server_0671 , 441
Server_0672 , 442
Server_0673 , 443
Server_0674 , 444
Server_0675 , 445
Server_0676 , 446
Server_0677 , 447
Server_0700 , 448
Server_0701 , 449
Server_0702 , 450
Server_0703 , 451
Server_0704 , 452
Server_0705 , 453
Server_0706 , 454
Server_0707 , 455
Server_0710 , 456
Server_0711 , 457
Server_0712 , 458
Server_0713 , 459
Server_0714 , 460
Server_0715 , 461
Server_0716 , 462
Server_0717 , 463
Server_0720 , 464
Server_0721 , 465
Server_0722 , 466
Server_0723 , 467
Server_0724 , 468
Server_0725 , 469
Server_0726 , 470
Server_0727 , 471
Server_0730 , 472
Server_0731 , 473
Server_0732 , 474
Server_0733 , 475
Server_0734 , 476
Server_0735 , 477
Server_0736 , 478
Server_0737 , 479
Server_0740 , 480
Server_0741 , 481
Server_0742 , 482
Server_0743 , 483
Server_0744 , 484
Server_0745 , 485
Server_0746 , 486
Server_0747 , 487
Server_0750 , 488
Server_0751 , 489
Server_0752 , 490
Server_0753 , 491
Server_0754 , 492
Server_0755 , 493
Server_0756 , 494
Server_0757 , 495
Server_0760 , 496
Server_0761 , 497
Server_0762 , 498
Server_0763 , 499
Server_0764 , 500
Server_0765 , 501
Server_0766 , 502
Server_0767 , 503
Server_0770 , 504
Server_0771 , 505
Server_0772 , 506
Server_0773 , 507
Server_0774 , 508
Server_0775 , 509
Server_0776 , 510
Server_0777 , 511
